index,identifier,dataset_title,names
0,160@statistisches-amt-kanton-zuerich,Eigenkapital [Fr./Einw.],",BFS_NR,GEBIET_NAME,THEMA_NAME,SET_NAME,SUBSET_NAME,INDIKATOR_ID,INDIKATOR_NAME,INDIKATOR_JAHR,INDIKATOR_VALUE,EINHEIT_KURZ,EINHEIT_LANG,Unnamed: 11"
1,112@statistisches-amt-kanton-zuerich,Bruttoverschuldungsanteil [%],",BFS_NR,GEBIET_NAME,THEMA_NAME,SET_NAME,SUBSET_NAME,INDIKATOR_ID,INDIKATOR_NAME,INDIKATOR_JAHR,INDIKATOR_VALUE,EINHEIT_KURZ,EINHEIT_LANG,Unnamed: 11"
2,200@statistisches-amt-kanton-zuerich,Sterbefälle [Pers.],",BFS_NR,GEBIET_NAME,THEMA_NAME,SET_NAME,SUBSET_NAME,INDIKATOR_ID,INDIKATOR_NAME,INDIKATOR_JAHR,INDIKATOR_VALUE,EINHEIT_KURZ,EINHEIT_LANG,Unnamed: 11"
3,47@statistisches-amt-kanton-zuerich,Jugendquotient [%],",BFS_NR,GEBIET_NAME,THEMA_NAME,SET_NAME,SUBSET_NAME,INDIKATOR_ID,INDIKATOR_NAME,INDIKATOR_JAHR,INDIKATOR_VALUE,EINHEIT_KURZ,EINHEIT_LANG,Unnamed: 11"
4,93@statistisches-amt-kanton-zuerich,Geb.Vol. Dienstleistungen: Zunahme [%],",BFS_NR,GEBIET_NAME,THEMA_NAME,SET_NAME,SUBSET_NAME,INDIKATOR_ID,INDIKATOR_NAME,INDIKATOR_JAHR,INDIKATOR_VALUE,EINHEIT_KURZ,EINHEIT_LANG,Unnamed: 11"
5,205@statistisches-amt-kanton-zuerich,Bevölkerungszunahme 5 Jahre [Pers.],",BFS_NR,GEBIET_NAME,THEMA_NAME,SET_NAME,SUBSET_NAME,INDIKATOR_ID,INDIKATOR_NAME,INDIKATOR_JAHR,INDIKATOR_VALUE,EINHEIT_KURZ,EINHEIT_LANG,Unnamed: 11"
6,363@statistisches-amt-kanton-zuerich,ÖV-Anteil (Modal Split) [%],",BFS_NR,GEBIET_NAME,THEMA_NAME,SET_NAME,SUBSET_NAME,INDIKATOR_ID,INDIKATOR_NAME,INDIKATOR_JAHR,INDIKATOR_VALUE,EINHEIT_KURZ,EINHEIT_LANG,Unnamed: 11"
7,78@statistisches-amt-kanton-zuerich,KRW Wähleranteil CVP [%],",BFS_NR,GEBIET_NAME,THEMA_NAME,SET_NAME,SUBSET_NAME,INDIKATOR_ID,INDIKATOR_NAME,INDIKATOR_JAHR,INDIKATOR_VALUE,EINHEIT_KURZ,EINHEIT_LANG,Unnamed: 11"
8,82@statistisches-amt-kanton-zuerich,NRW Wähleranteil SP [%],",BFS_NR,GEBIET_NAME,THEMA_NAME,SET_NAME,SUBSET_NAME,INDIKATOR_ID,INDIKATOR_NAME,INDIKATOR_JAHR,INDIKATOR_VALUE,EINHEIT_KURZ,EINHEIT_LANG,Unnamed: 11"
9,281@statistisches-amt-kanton-zuerich,Wahlbeteiligung Kantonsrat [%],",BFS_NR,GEBIET_NAME,THEMA_NAME,SET_NAME,SUBSET_NAME,INDIKATOR_ID,INDIKATOR_NAME,INDIKATOR_JAHR,INDIKATOR_VALUE,EINHEIT_KURZ,EINHEIT_LANG,Unnamed: 11"
10,139@statistisches-amt-kanton-zuerich,Steuerkraft berichtigt pro Kopf [Fr.],",BFS_NR,GEBIET_NAME,THEMA_NAME,SET_NAME,SUBSET_NAME,INDIKATOR_ID,INDIKATOR_NAME,INDIKATOR_JAHR,INDIKATOR_VALUE,EINHEIT_KURZ,EINHEIT_LANG,Unnamed: 11"
11,345@statistisches-amt-kanton-zuerich,Total Arbeitsstätten [Anz.],",BFS_NR,GEBIET_NAME,THEMA_NAME,SET_NAME,SUBSET_NAME,INDIKATOR_ID,INDIKATOR_NAME,INDIKATOR_JAHR,INDIKATOR_VALUE,EINHEIT_KURZ,EINHEIT_LANG,Unnamed: 11"
12,347@statistisches-amt-kanton-zuerich,Total VZÄ [Anz.],",BFS_NR,GEBIET_NAME,THEMA_NAME,SET_NAME,SUBSET_NAME,INDIKATOR_ID,INDIKATOR_NAME,INDIKATOR_JAHR,INDIKATOR_VALUE,EINHEIT_KURZ,EINHEIT_LANG,Unnamed: 11"
13,378@statistisches-amt-kanton-zuerich,"Bauinv. ÖV, Kommunik. 5 Jahre [Fr./Einw.]",",BFS_NR,GEBIET_NAME,THEMA_NAME,SET_NAME,SUBSET_NAME,INDIKATOR_ID,INDIKATOR_NAME,INDIKATOR_JAHR,INDIKATOR_VALUE,EINHEIT_KURZ,EINHEIT_LANG,Unnamed: 11"
14,218@statistisches-amt-kanton-zuerich,Schül. Primarschule [pro 1000 Einw.],",BFS_NR,GEBIET_NAME,THEMA_NAME,SET_NAME,SUBSET_NAME,INDIKATOR_ID,INDIKATOR_NAME,INDIKATOR_JAHR,INDIKATOR_VALUE,EINHEIT_KURZ,EINHEIT_LANG,Unnamed: 11"
15,232@statistisches-amt-kanton-zuerich,Neuerstellte Wohnungen [Whg.],",BFS_NR,GEBIET_NAME,THEMA_NAME,SET_NAME,SUBSET_NAME,INDIKATOR_ID,INDIKATOR_NAME,INDIKATOR_JAHR,INDIKATOR_VALUE,EINHEIT_KURZ,EINHEIT_LANG,Unnamed: 11"
16,360@statistisches-amt-kanton-zuerich,Anteil Gewässerfläche [%],",BFS_NR,GEBIET_NAME,THEMA_NAME,SET_NAME,SUBSET_NAME,INDIKATOR_ID,INDIKATOR_NAME,INDIKATOR_JAHR,INDIKATOR_VALUE,EINHEIT_KURZ,EINHEIT_LANG,Unnamed: 11"
17,153@statistisches-amt-kanton-zuerich,Bauinv. MFH 5 Jahre [Fr./Einw.],",BFS_NR,GEBIET_NAME,THEMA_NAME,SET_NAME,SUBSET_NAME,INDIKATOR_ID,INDIKATOR_NAME,INDIKATOR_JAHR,INDIKATOR_VALUE,EINHEIT_KURZ,EINHEIT_LANG,Unnamed: 11"
18,209@statistisches-amt-kanton-zuerich,Erwerb des Schweizer Bürgerrechts [Pers.],",BFS_NR,GEBIET_NAME,THEMA_NAME,SET_NAME,SUBSET_NAME,INDIKATOR_ID,INDIKATOR_NAME,INDIKATOR_JAHR,INDIKATOR_VALUE,EINHEIT_KURZ,EINHEIT_LANG,Unnamed: 11"
19,226@statistisches-amt-kanton-zuerich,Verpackungsglasmengen [Tonnen],",BFS_NR,GEBIET_NAME,THEMA_NAME,SET_NAME,SUBSET_NAME,INDIKATOR_ID,INDIKATOR_NAME,INDIKATOR_JAHR,INDIKATOR_VALUE,EINHEIT_KURZ,EINHEIT_LANG,Unnamed: 11"
20,233@statistisches-amt-kanton-zuerich,Apotheken [Anz.],",BFS_NR,GEBIET_NAME,THEMA_NAME,SET_NAME,SUBSET_NAME,INDIKATOR_ID,INDIKATOR_NAME,INDIKATOR_JAHR,INDIKATOR_VALUE,EINHEIT_KURZ,EINHEIT_LANG,Unnamed: 11"
21,296@statistisches-amt-kanton-zuerich,Baulandpreis (gewichteter Median) [Fr./m2],",BFS_NR,GEBIET_NAME,THEMA_NAME,SET_NAME,SUBSET_NAME,INDIKATOR_ID,INDIKATOR_NAME,INDIKATOR_JAHR,INDIKATOR_VALUE,EINHEIT_KURZ,EINHEIT_LANG,Unnamed: 11"
22,322@statistisches-amt-kanton-zuerich,2-Personenhaushalte [Anz.],",BFS_NR,GEBIET_NAME,THEMA_NAME,SET_NAME,SUBSET_NAME,INDIKATOR_ID,INDIKATOR_NAME,INDIKATOR_JAHR,INDIKATOR_VALUE,EINHEIT_KURZ,EINHEIT_LANG,Unnamed: 11"
23,373@statistisches-amt-kanton-zuerich,Anteil 5-Personenhaushalte [%],",BFS_NR,GEBIET_NAME,THEMA_NAME,SET_NAME,SUBSET_NAME,INDIKATOR_ID,INDIKATOR_NAME,INDIKATOR_JAHR,INDIKATOR_VALUE,EINHEIT_KURZ,EINHEIT_LANG,Unnamed: 11"
24,374@statistisches-amt-kanton-zuerich,Anteil 6 und mehr Personenhaushalte [%],",BFS_NR,GEBIET_NAME,THEMA_NAME,SET_NAME,SUBSET_NAME,INDIKATOR_ID,INDIKATOR_NAME,INDIKATOR_JAHR,INDIKATOR_VALUE,EINHEIT_KURZ,EINHEIT_LANG,Unnamed: 11"
25,280@statistisches-amt-kanton-zuerich,Bevölkerung: Frauen [Pers.],",BFS_NR,GEBIET_NAME,THEMA_NAME,SET_NAME,SUBSET_NAME,INDIKATOR_ID,INDIKATOR_NAME,INDIKATOR_JAHR,INDIKATOR_VALUE,EINHEIT_KURZ,EINHEIT_LANG,Unnamed: 11"
26,714@statistisches-amt-kanton-zuerich,Abstimmungsarchiv des Kantons Zürich,",ABSTIMMUNGSTAG,STAT_VORLAGE_ID,VORLAGE_KURZBEZ,VORLAGE_LANGBEZ,BFS,STAT_GEMEINDE_ID,GEMEINDE,BEZIRK,AZ_STIMMBERECHTIGTE,AZ_EINGELEGTE_STIMMZETTEL,STIMMBETEILIGUNG,AZ_GÜLTIGE_STIMMZETTEL,AZ_JA_STIMMEN,AZ_NEIN_STIMMEN,AZ_LEERE_STIMMZETTEL,AZ_OHNEANTWORT_STIMMEN,AZ_UNGÜLTIGE_STIMMZETTEL"
27,384@statistisches-amt-kanton-zuerich,Steuerertrag allgemeine Gemeindesteuern [Mio.Fr.],",BFS_NR,GEBIET_NAME,THEMA_NAME,SET_NAME,SUBSET_NAME,INDIKATOR_ID,INDIKATOR_NAME,INDIKATOR_JAHR,INDIKATOR_VALUE,EINHEIT_KURZ,EINHEIT_LANG,Unnamed: 11"
28,400@statistisches-amt-kanton-zuerich,Ertrags- (+) / Aufwandüberschuss (-) [Fr./Einw.],",BFS_NR,GEBIET_NAME,THEMA_NAME,SET_NAME,SUBSET_NAME,INDIKATOR_ID,INDIKATOR_NAME,INDIKATOR_JAHR,INDIKATOR_VALUE,EINHEIT_KURZ,EINHEIT_LANG,Unnamed: 11"
29,563@awel-kanton-zuerich,Lufttemperatur und Luftfeuchte LoRa-Sensor-Messwerte,",starttime,site,masl,magl,x,y,sensor,temperature,humidity"
33,88@statistisches-amt-kanton-zuerich,Gesamtsteuerfuss (ohne Kirchen) [%],",BFS_NR,GEBIET_NAME,THEMA_NAME,SET_NAME,SUBSET_NAME,INDIKATOR_ID,INDIKATOR_NAME,INDIKATOR_JAHR,INDIKATOR_VALUE,EINHEIT_KURZ,EINHEIT_LANG,Unnamed: 11"
69,687@statistisches-amt-kanton-zuerich,Neuzulassungen  Hybridantrieb [%],",BFS_NR,GEBIET_NAME,THEMA_NAME,SET_NAME,SUBSET_NAME,INDIKATOR_ID,INDIKATOR_NAME,INDIKATOR_JAHR,INDIKATOR_VALUE,EINHEIT_KURZ,EINHEIT_LANG,Unnamed: 11"
70,686@statistisches-amt-kanton-zuerich,Neuzulassungen  Dieselmotor [%],",BFS_NR,GEBIET_NAME,THEMA_NAME,SET_NAME,SUBSET_NAME,INDIKATOR_ID,INDIKATOR_NAME,INDIKATOR_JAHR,INDIKATOR_VALUE,EINHEIT_KURZ,EINHEIT_LANG,Unnamed: 11"
73,723@statistisches-amt-kanton-zuerich,Steuererträge nach Einkommens- und Vermögensklassen,",steuerjahr,einkommensklasse,anzahl_pflichtige,steuerbares_einkommen_in_mio,staatssteuer,anteil_pflichtige,anteil_einkommen,anteil_steuer,kumuliert_anteil_pflichtige,kumuliert_anteil_einkommen,kumuliert_steuer_anteil"
74,178@statistisches-amt-kanton-zuerich,Landwirtschaftliche Nutzfläche [ha],",BFS_NR,GEBIET_NAME,THEMA_NAME,SET_NAME,SUBSET_NAME,INDIKATOR_ID,INDIKATOR_NAME,INDIKATOR_JAHR,INDIKATOR_VALUE,EINHEIT_KURZ,EINHEIT_LANG,Unnamed: 11"
75,187@statistisches-amt-kanton-zuerich,Reingewinn juristische Personen [Mio.Fr.],",BFS_NR,GEBIET_NAME,THEMA_NAME,SET_NAME,SUBSET_NAME,INDIKATOR_ID,INDIKATOR_NAME,INDIKATOR_JAHR,INDIKATOR_VALUE,EINHEIT_KURZ,EINHEIT_LANG,Unnamed: 11"
76,188@statistisches-amt-kanton-zuerich,Eigenkapital steuerpfl. jur. Pers. [Mio.Fr.],",BFS_NR,GEBIET_NAME,THEMA_NAME,SET_NAME,SUBSET_NAME,INDIKATOR_ID,INDIKATOR_NAME,INDIKATOR_JAHR,INDIKATOR_VALUE,EINHEIT_KURZ,EINHEIT_LANG,Unnamed: 11"
77,195@statistisches-amt-kanton-zuerich,Steuerertrag von juristischen Personen [Mio.Fr.],",BFS_NR,GEBIET_NAME,THEMA_NAME,SET_NAME,SUBSET_NAME,INDIKATOR_ID,INDIKATOR_NAME,INDIKATOR_JAHR,INDIKATOR_VALUE,EINHEIT_KURZ,EINHEIT_LANG,Unnamed: 11"
78,28@statistisches-amt-kanton-zuerich,Gebäudevolumen [1000 m3],",BFS_NR,GEBIET_NAME,THEMA_NAME,SET_NAME,SUBSET_NAME,INDIKATOR_ID,INDIKATOR_NAME,INDIKATOR_JAHR,INDIKATOR_VALUE,EINHEIT_KURZ,EINHEIT_LANG,Unnamed: 11"
79,105@statistisches-amt-kanton-zuerich,Geb.Vol. Nebengebäude: Zunahme [%],",BFS_NR,GEBIET_NAME,THEMA_NAME,SET_NAME,SUBSET_NAME,INDIKATOR_ID,INDIKATOR_NAME,INDIKATOR_JAHR,INDIKATOR_VALUE,EINHEIT_KURZ,EINHEIT_LANG,Unnamed: 11"
80,116@statistisches-amt-kanton-zuerich,Verkäufe von unbebautem Land [Anz.],",BFS_NR,GEBIET_NAME,THEMA_NAME,SET_NAME,SUBSET_NAME,INDIKATOR_ID,INDIKATOR_NAME,INDIKATOR_JAHR,INDIKATOR_VALUE,EINHEIT_KURZ,EINHEIT_LANG,Unnamed: 11"
81,163@statistisches-amt-kanton-zuerich,Selbstfinanzierung [Fr./Einw.],",BFS_NR,GEBIET_NAME,THEMA_NAME,SET_NAME,SUBSET_NAME,INDIKATOR_ID,INDIKATOR_NAME,INDIKATOR_JAHR,INDIKATOR_VALUE,EINHEIT_KURZ,EINHEIT_LANG,Unnamed: 11"
82,41@statistisches-amt-kanton-zuerich,Schül. Mittelschule [Anz.],",BFS_NR,GEBIET_NAME,THEMA_NAME,SET_NAME,SUBSET_NAME,INDIKATOR_ID,INDIKATOR_NAME,INDIKATOR_JAHR,INDIKATOR_VALUE,EINHEIT_KURZ,EINHEIT_LANG,Unnamed: 11"
83,42@statistisches-amt-kanton-zuerich,Schül. Oberstufe [Anz.],",BFS_NR,GEBIET_NAME,THEMA_NAME,SET_NAME,SUBSET_NAME,INDIKATOR_ID,INDIKATOR_NAME,INDIKATOR_JAHR,INDIKATOR_VALUE,EINHEIT_KURZ,EINHEIT_LANG,Unnamed: 11"
84,143@statistisches-amt-kanton-zuerich,Bauinv. Dienstl. 5 Jahre [Fr./Einw.],",BFS_NR,GEBIET_NAME,THEMA_NAME,SET_NAME,SUBSET_NAME,INDIKATOR_ID,INDIKATOR_NAME,INDIKATOR_JAHR,INDIKATOR_VALUE,EINHEIT_KURZ,EINHEIT_LANG,Unnamed: 11"
85,154@statistisches-amt-kanton-zuerich,"Bauinv. Strassen, PP 5 Jahre [Fr./Einw.]",",BFS_NR,GEBIET_NAME,THEMA_NAME,SET_NAME,SUBSET_NAME,INDIKATOR_ID,INDIKATOR_NAME,INDIKATOR_JAHR,INDIKATOR_VALUE,EINHEIT_KURZ,EINHEIT_LANG,Unnamed: 11"
86,217@statistisches-amt-kanton-zuerich,Schül. Oberstufe [pro 1000 Einw.],",BFS_NR,GEBIET_NAME,THEMA_NAME,SET_NAME,SUBSET_NAME,INDIKATOR_ID,INDIKATOR_NAME,INDIKATOR_JAHR,INDIKATOR_VALUE,EINHEIT_KURZ,EINHEIT_LANG,Unnamed: 11"
87,23@statistisches-amt-kanton-zuerich,Anteil jur. Pers. an allg. Gemeindesteuern [%],",BFS_NR,GEBIET_NAME,THEMA_NAME,SET_NAME,SUBSET_NAME,INDIKATOR_ID,INDIKATOR_NAME,INDIKATOR_JAHR,INDIKATOR_VALUE,EINHEIT_KURZ,EINHEIT_LANG,Unnamed: 11"
88,55@statistisches-amt-kanton-zuerich,Steuerpflichtige juristische Personen [Anz.],",BFS_NR,GEBIET_NAME,THEMA_NAME,SET_NAME,SUBSET_NAME,INDIKATOR_ID,INDIKATOR_NAME,INDIKATOR_JAHR,INDIKATOR_VALUE,EINHEIT_KURZ,EINHEIT_LANG,Unnamed: 11"
89,249@statistisches-amt-kanton-zuerich,Steuerb. Einkommen natürl. Pers. 75%-Quantil [Fr.],",BFS_NR,GEBIET_NAME,THEMA_NAME,SET_NAME,SUBSET_NAME,INDIKATOR_ID,INDIKATOR_NAME,INDIKATOR_JAHR,INDIKATOR_VALUE,EINHEIT_KURZ,EINHEIT_LANG,Unnamed: 11"
90,247@statistisches-amt-kanton-zuerich,Steuerb. Einkommen natürl. Pers. Durchschn. [Fr.],",BFS_NR,GEBIET_NAME,THEMA_NAME,SET_NAME,SUBSET_NAME,INDIKATOR_ID,INDIKATOR_NAME,INDIKATOR_JAHR,INDIKATOR_VALUE,EINHEIT_KURZ,EINHEIT_LANG,Unnamed: 11"
91,207@statistisches-amt-kanton-zuerich,Geburten [Pers.],",BFS_NR,GEBIET_NAME,THEMA_NAME,SET_NAME,SUBSET_NAME,INDIKATOR_ID,INDIKATOR_NAME,INDIKATOR_JAHR,INDIKATOR_VALUE,EINHEIT_KURZ,EINHEIT_LANG,Unnamed: 11"
92,181@statistisches-amt-kanton-zuerich,Wasserverbrauch pro Tag und Kopf [Liter],",BFS_NR,GEBIET_NAME,THEMA_NAME,SET_NAME,SUBSET_NAME,INDIKATOR_ID,INDIKATOR_NAME,INDIKATOR_JAHR,INDIKATOR_VALUE,EINHEIT_KURZ,EINHEIT_LANG,Unnamed: 11"
93,183@statistisches-amt-kanton-zuerich,Höhe [m.ü.M.],",BFS_NR,GEBIET_NAME,THEMA_NAME,SET_NAME,SUBSET_NAME,INDIKATOR_ID,INDIKATOR_NAME,INDIKATOR_JAHR,INDIKATOR_VALUE,EINHEIT_KURZ,EINHEIT_LANG,Unnamed: 11"
94,305@statistisches-amt-kanton-zuerich,KRW Wähleranteil SVP [%],",BFS_NR,GEBIET_NAME,THEMA_NAME,SET_NAME,SUBSET_NAME,INDIKATOR_ID,INDIKATOR_NAME,INDIKATOR_JAHR,INDIKATOR_VALUE,EINHEIT_KURZ,EINHEIT_LANG,Unnamed: 11"
95,298@statistisches-amt-kanton-zuerich,Bevölkerung: Heimat Ausland [Pers.],",BFS_NR,GEBIET_NAME,THEMA_NAME,SET_NAME,SUBSET_NAME,INDIKATOR_ID,INDIKATOR_NAME,INDIKATOR_JAHR,INDIKATOR_VALUE,EINHEIT_KURZ,EINHEIT_LANG,Unnamed: 11"
96,32@statistisches-amt-kanton-zuerich,Verkäufe Stockwerkeigentum [Anz.],",BFS_NR,GEBIET_NAME,THEMA_NAME,SET_NAME,SUBSET_NAME,INDIKATOR_ID,INDIKATOR_NAME,INDIKATOR_JAHR,INDIKATOR_VALUE,EINHEIT_KURZ,EINHEIT_LANG,Unnamed: 11"
97,43@statistisches-amt-kanton-zuerich,Schül. Primarschule [Anz.],",BFS_NR,GEBIET_NAME,THEMA_NAME,SET_NAME,SUBSET_NAME,INDIKATOR_ID,INDIKATOR_NAME,INDIKATOR_JAHR,INDIKATOR_VALUE,EINHEIT_KURZ,EINHEIT_LANG,Unnamed: 11"
98,7@statistisches-amt-kanton-zuerich,KRW Wähleranteil AL [%],",BFS_NR,GEBIET_NAME,THEMA_NAME,SET_NAME,SUBSET_NAME,INDIKATOR_ID,INDIKATOR_NAME,INDIKATOR_JAHR,INDIKATOR_VALUE,EINHEIT_KURZ,EINHEIT_LANG,Unnamed: 11"
99,285@statistisches-amt-kanton-zuerich,Bevölkerung: Heimat Schweiz [Pers.],",BFS_NR,GEBIET_NAME,THEMA_NAME,SET_NAME,SUBSET_NAME,INDIKATOR_ID,INDIKATOR_NAME,INDIKATOR_JAHR,INDIKATOR_VALUE,EINHEIT_KURZ,EINHEIT_LANG,Unnamed: 11"
100,289@statistisches-amt-kanton-zuerich,Bevölkerung: Durchschnittsalter [Jahre],",BFS_NR,GEBIET_NAME,THEMA_NAME,SET_NAME,SUBSET_NAME,INDIKATOR_ID,INDIKATOR_NAME,INDIKATOR_JAHR,INDIKATOR_VALUE,EINHEIT_KURZ,EINHEIT_LANG,Unnamed: 11"
101,325@statistisches-amt-kanton-zuerich,Anteil 1-Personenhaushalte [%],",BFS_NR,GEBIET_NAME,THEMA_NAME,SET_NAME,SUBSET_NAME,INDIKATOR_ID,INDIKATOR_NAME,INDIKATOR_JAHR,INDIKATOR_VALUE,EINHEIT_KURZ,EINHEIT_LANG,Unnamed: 11"
102,215@statistisches-amt-kanton-zuerich,Schül. Kindergarten [pro 1000 Einw.],",BFS_NR,GEBIET_NAME,THEMA_NAME,SET_NAME,SUBSET_NAME,INDIKATOR_ID,INDIKATOR_NAME,INDIKATOR_JAHR,INDIKATOR_VALUE,EINHEIT_KURZ,EINHEIT_LANG,Unnamed: 11"
103,348@statistisches-amt-kanton-zuerich,5-Personenhaushalte [Anz.],",BFS_NR,GEBIET_NAME,THEMA_NAME,SET_NAME,SUBSET_NAME,INDIKATOR_ID,INDIKATOR_NAME,INDIKATOR_JAHR,INDIKATOR_VALUE,EINHEIT_KURZ,EINHEIT_LANG,Unnamed: 11"
104,349@statistisches-amt-kanton-zuerich,6 und mehr Personenhaushalte [Anz.],",BFS_NR,GEBIET_NAME,THEMA_NAME,SET_NAME,SUBSET_NAME,INDIKATOR_ID,INDIKATOR_NAME,INDIKATOR_JAHR,INDIKATOR_VALUE,EINHEIT_KURZ,EINHEIT_LANG,Unnamed: 11"
105,354@statistisches-amt-kanton-zuerich,Anteil Vollzeitbeschäftigte Landwirtschaft [%],",BFS_NR,GEBIET_NAME,THEMA_NAME,SET_NAME,SUBSET_NAME,INDIKATOR_ID,INDIKATOR_NAME,INDIKATOR_JAHR,INDIKATOR_VALUE,EINHEIT_KURZ,EINHEIT_LANG,Unnamed: 11"
106,371@statistisches-amt-kanton-zuerich,Durchschnittliche Haushaltsgrösse [Pers.],",BFS_NR,GEBIET_NAME,THEMA_NAME,SET_NAME,SUBSET_NAME,INDIKATOR_ID,INDIKATOR_NAME,INDIKATOR_JAHR,INDIKATOR_VALUE,EINHEIT_KURZ,EINHEIT_LANG,Unnamed: 11"
107,372@statistisches-amt-kanton-zuerich,Anteil 4-Personenhaushalte [%],",BFS_NR,GEBIET_NAME,THEMA_NAME,SET_NAME,SUBSET_NAME,INDIKATOR_ID,INDIKATOR_NAME,INDIKATOR_JAHR,INDIKATOR_VALUE,EINHEIT_KURZ,EINHEIT_LANG,Unnamed: 11"
108,369@statistisches-amt-kanton-zuerich,"MIV-Wege Quell-, Ziel- und Binnenverkehr [Anz.]",",BFS_NR,GEBIET_NAME,THEMA_NAME,SET_NAME,SUBSET_NAME,INDIKATOR_ID,INDIKATOR_NAME,INDIKATOR_JAHR,INDIKATOR_VALUE,EINHEIT_KURZ,EINHEIT_LANG,Unnamed: 11"
109,388@statistisches-amt-kanton-zuerich,Anteil GK C [%],",BFS_NR,GEBIET_NAME,THEMA_NAME,SET_NAME,SUBSET_NAME,INDIKATOR_ID,INDIKATOR_NAME,INDIKATOR_JAHR,INDIKATOR_VALUE,EINHEIT_KURZ,EINHEIT_LANG,Unnamed: 11"
110,185@statistisches-amt-kanton-zuerich,Bauinvestitionen [Mio.Fr.],",BFS_NR,GEBIET_NAME,THEMA_NAME,SET_NAME,SUBSET_NAME,INDIKATOR_ID,INDIKATOR_NAME,INDIKATOR_JAHR,INDIKATOR_VALUE,EINHEIT_KURZ,EINHEIT_LANG,Unnamed: 11"
111,152@statistisches-amt-kanton-zuerich,Bauinv. Landwirtschaft 5 Jahre [Fr./Einw.],",BFS_NR,GEBIET_NAME,THEMA_NAME,SET_NAME,SUBSET_NAME,INDIKATOR_ID,INDIKATOR_NAME,INDIKATOR_JAHR,INDIKATOR_VALUE,EINHEIT_KURZ,EINHEIT_LANG,Unnamed: 11"
112,24@statistisches-amt-kanton-zuerich,Anteil natürl. Pers. an allg. Gemeindesteuern [%],",BFS_NR,GEBIET_NAME,THEMA_NAME,SET_NAME,SUBSET_NAME,INDIKATOR_ID,INDIKATOR_NAME,INDIKATOR_JAHR,INDIKATOR_VALUE,EINHEIT_KURZ,EINHEIT_LANG,Unnamed: 11"
113,343@statistisches-amt-kanton-zuerich,VZÄ im Primärsektor [Anz.],",BFS_NR,GEBIET_NAME,THEMA_NAME,SET_NAME,SUBSET_NAME,INDIKATOR_ID,INDIKATOR_NAME,INDIKATOR_JAHR,INDIKATOR_VALUE,EINHEIT_KURZ,EINHEIT_LANG,Unnamed: 11"
114,410@statistisches-amt-kanton-zuerich,Katholische Kirchensteuerpflichtige [Anz.],",BFS_NR,GEBIET_NAME,THEMA_NAME,SET_NAME,SUBSET_NAME,INDIKATOR_ID,INDIKATOR_NAME,INDIKATOR_JAHR,INDIKATOR_VALUE,EINHEIT_KURZ,EINHEIT_LANG,Unnamed: 11"
115,715@fachstelle-ogd-kanton-zuerich,Web Analytics der Open Government Data des Kantons Zürich,",label,nb_visits,nb_hits,nb_hits_with_time_generation,min_time_generation,max_time_generation,sum_time_spent,bounce_count,exit_nb_visits,sum_daily_nb_uniq_visitors,avg_time_on_dimension,bounce_rate,exit_rate,avg_time_generation,Metadata: segment"
117,254@statistisches-amt-kanton-zuerich,"Bevölkerung nach Gemeinde, Heimat, Geschlecht und Alter",",JAHR,GEMEINDE_BFS_NR,GEMEINDE,BEZIRK_CODE,BEZIRK,REGION_CODE,REGION,HEIMAT_CODE,HEIMAT,GESCHLECHT_CODE,GESCHLECHT,ANZAHL_PERSONEN"
127,241@statistisches-amt-kanton-zuerich,Anteil 6+ Zi.-Wohnungen [%],",BFS_NR,GEBIET_NAME,THEMA_NAME,SET_NAME,SUBSET_NAME,INDIKATOR_ID,INDIKATOR_NAME,INDIKATOR_JAHR,INDIKATOR_VALUE,EINHEIT_KURZ,EINHEIT_LANG,Unnamed: 11"
160,679@statistisches-amt-kanton-zuerich,Motorrad-Neuzulasssungen pro 1000 Einw. [Anz.],",BFS_NR,GEBIET_NAME,THEMA_NAME,SET_NAME,SUBSET_NAME,INDIKATOR_ID,INDIKATOR_NAME,INDIKATOR_JAHR,INDIKATOR_VALUE,EINHEIT_KURZ,EINHEIT_LANG,Unnamed: 11"
161,689@statistisches-amt-kanton-zuerich,Neuzulassungen anderer Antrieb [%],",BFS_NR,GEBIET_NAME,THEMA_NAME,SET_NAME,SUBSET_NAME,INDIKATOR_ID,INDIKATOR_NAME,INDIKATOR_JAHR,INDIKATOR_VALUE,EINHEIT_KURZ,EINHEIT_LANG,Unnamed: 11"
165,680@statistisches-amt-kanton-zuerich,Bestand Benzinmotor [%],",BFS_NR,GEBIET_NAME,THEMA_NAME,SET_NAME,SUBSET_NAME,INDIKATOR_ID,INDIKATOR_NAME,INDIKATOR_JAHR,INDIKATOR_VALUE,EINHEIT_KURZ,EINHEIT_LANG,Unnamed: 11"
166,684@statistisches-amt-kanton-zuerich,Bestand anderer Antrieb [%],",BFS_NR,GEBIET_NAME,THEMA_NAME,SET_NAME,SUBSET_NAME,INDIKATOR_ID,INDIKATOR_NAME,INDIKATOR_JAHR,INDIKATOR_VALUE,EINHEIT_KURZ,EINHEIT_LANG,Unnamed: 11"
167,706@gesundheitsdirektion-kanton-zuerich,COVID_19 Belegung Intensivpflege Kanton Zürich ab 29.10.2020,",date,time,abbreviation_canton_and_fl,hospital_name,current_icu_service_certified,current_icu_target_covid,current_hosp_covid,current_icu_covid,current_vent_covid,current_icu_not_covid,source"
169,718@fachstelle-ogd-kanton-zuerich,Polizeilich registrierte Verkehrsunfälle im Kanton Zürich,",AccidentUID,AccidentType,AccidentType_de,AccidentType_fr,AccidentType_it,AccidentType_en,AccidentSeverityCategory,AccidentSeverityCategory_de,AccidentSeverityCategory_fr,AccidentSeverityCategory_it,AccidentSeverityCategory_en,AccidentInvolvingPedestrian,AccidentInvolvingBicycle,AccidentInvolvingMotorcycle,RoadType,RoadType_de,RoadType_fr,RoadType_it,RoadType_en,AccidentLocation_CHLV95_E,AccidentLocation_CHLV95_N,CantonCode,MunicipalityCode,AccidentYear,AccidentMonth,AccidentMonth_de,AccidentMonth_fr,AccidentMonth_it,AccidentMonth_en,AccidentWeekDay,AccidentWeekDay_de,AccidentWeekDay_fr,AccidentWeekDay_it,AccidentWeekDay_en,AccidentHour,AccidentHour_text"
170,168@statistisches-amt-kanton-zuerich,Nettoaufwand Finanzen und Steuern [Fr./Einw.],",BFS_NR,GEBIET_NAME,THEMA_NAME,SET_NAME,SUBSET_NAME,INDIKATOR_ID,INDIKATOR_NAME,INDIKATOR_JAHR,INDIKATOR_VALUE,EINHEIT_KURZ,EINHEIT_LANG,Unnamed: 11"
171,192@statistisches-amt-kanton-zuerich,Steuerertrag Grundsteuern [Mio.Fr.],",BFS_NR,GEBIET_NAME,THEMA_NAME,SET_NAME,SUBSET_NAME,INDIKATOR_ID,INDIKATOR_NAME,INDIKATOR_JAHR,INDIKATOR_VALUE,EINHEIT_KURZ,EINHEIT_LANG,Unnamed: 11"
172,193@statistisches-amt-kanton-zuerich,Steuerertrag Kirchgemeinden [Mio.Fr.],",BFS_NR,GEBIET_NAME,THEMA_NAME,SET_NAME,SUBSET_NAME,INDIKATOR_ID,INDIKATOR_NAME,INDIKATOR_JAHR,INDIKATOR_VALUE,EINHEIT_KURZ,EINHEIT_LANG,Unnamed: 11"
173,194@statistisches-amt-kanton-zuerich,Steuerertrag Politische/Schulgemeinde [Mio.Fr.],",BFS_NR,GEBIET_NAME,THEMA_NAME,SET_NAME,SUBSET_NAME,INDIKATOR_ID,INDIKATOR_NAME,INDIKATOR_JAHR,INDIKATOR_VALUE,EINHEIT_KURZ,EINHEIT_LANG,Unnamed: 11"
174,201@statistisches-amt-kanton-zuerich,Wanderungsbilanz [Pers.],",BFS_NR,GEBIET_NAME,THEMA_NAME,SET_NAME,SUBSET_NAME,INDIKATOR_ID,INDIKATOR_NAME,INDIKATOR_JAHR,INDIKATOR_VALUE,EINHEIT_KURZ,EINHEIT_LANG,Unnamed: 11"
175,92@statistisches-amt-kanton-zuerich,Geb.Vol. Dienstleistungen: Anteil [%],",BFS_NR,GEBIET_NAME,THEMA_NAME,SET_NAME,SUBSET_NAME,INDIKATOR_ID,INDIKATOR_NAME,INDIKATOR_JAHR,INDIKATOR_VALUE,EINHEIT_KURZ,EINHEIT_LANG,Unnamed: 11"
176,104@statistisches-amt-kanton-zuerich,Bevölkerung: Anteil 40-64-Jährige [%],",BFS_NR,GEBIET_NAME,THEMA_NAME,SET_NAME,SUBSET_NAME,INDIKATOR_ID,INDIKATOR_NAME,INDIKATOR_JAHR,INDIKATOR_VALUE,EINHEIT_KURZ,EINHEIT_LANG,Unnamed: 11"
177,110@statistisches-amt-kanton-zuerich,Leerwohnungsquote [%],",BFS_NR,GEBIET_NAME,THEMA_NAME,SET_NAME,SUBSET_NAME,INDIKATOR_ID,INDIKATOR_NAME,INDIKATOR_JAHR,INDIKATOR_VALUE,EINHEIT_KURZ,EINHEIT_LANG,Unnamed: 11"
178,212@statistisches-amt-kanton-zuerich,Geburtenrate (5-J.-mittel) [pro 1000 Einw.],",BFS_NR,GEBIET_NAME,THEMA_NAME,SET_NAME,SUBSET_NAME,INDIKATOR_ID,INDIKATOR_NAME,INDIKATOR_JAHR,INDIKATOR_VALUE,EINHEIT_KURZ,EINHEIT_LANG,Unnamed: 11"
179,213@statistisches-amt-kanton-zuerich,Geburtenüberschuss 5-J.-mittel [pro 1000 Einw.],",BFS_NR,GEBIET_NAME,THEMA_NAME,SET_NAME,SUBSET_NAME,INDIKATOR_ID,INDIKATOR_NAME,INDIKATOR_JAHR,INDIKATOR_VALUE,EINHEIT_KURZ,EINHEIT_LANG,Unnamed: 11"
180,222@statistisches-amt-kanton-zuerich,Geburtenrate [pro 1000 Einw.],",BFS_NR,GEBIET_NAME,THEMA_NAME,SET_NAME,SUBSET_NAME,INDIKATOR_ID,INDIKATOR_NAME,INDIKATOR_JAHR,INDIKATOR_VALUE,EINHEIT_KURZ,EINHEIT_LANG,Unnamed: 11"
181,223@statistisches-amt-kanton-zuerich,Wanderungsbilanz [pro 1000 Einw.],",BFS_NR,GEBIET_NAME,THEMA_NAME,SET_NAME,SUBSET_NAME,INDIKATOR_ID,INDIKATOR_NAME,INDIKATOR_JAHR,INDIKATOR_VALUE,EINHEIT_KURZ,EINHEIT_LANG,Unnamed: 11"
182,148@statistisches-amt-kanton-zuerich,Personenwagen [Anz.],",BFS_NR,GEBIET_NAME,THEMA_NAME,SET_NAME,SUBSET_NAME,INDIKATOR_ID,INDIKATOR_NAME,INDIKATOR_JAHR,INDIKATOR_VALUE,EINHEIT_KURZ,EINHEIT_LANG,Unnamed: 11"
183,39@statistisches-amt-kanton-zuerich,Schül. Berufsschule [Anz.],",BFS_NR,GEBIET_NAME,THEMA_NAME,SET_NAME,SUBSET_NAME,INDIKATOR_ID,INDIKATOR_NAME,INDIKATOR_JAHR,INDIKATOR_VALUE,EINHEIT_KURZ,EINHEIT_LANG,Unnamed: 11"
184,72@statistisches-amt-kanton-zuerich,Bauzonen überbaut  [%],",BFS_NR,GEBIET_NAME,THEMA_NAME,SET_NAME,SUBSET_NAME,INDIKATOR_ID,INDIKATOR_NAME,INDIKATOR_JAHR,INDIKATOR_VALUE,EINHEIT_KURZ,EINHEIT_LANG,Unnamed: 11"
185,279@statistisches-amt-kanton-zuerich,Schül. Tertiärstufe [Pers. pro 1000 Einw.],",BFS_NR,GEBIET_NAME,THEMA_NAME,SET_NAME,SUBSET_NAME,INDIKATOR_ID,INDIKATOR_NAME,INDIKATOR_JAHR,INDIKATOR_VALUE,EINHEIT_KURZ,EINHEIT_LANG,Unnamed: 11"
186,293@statistisches-amt-kanton-zuerich,Steuerb. Vermögen natürl. Pers. Durchschn. [Fr.],",BFS_NR,GEBIET_NAME,THEMA_NAME,SET_NAME,SUBSET_NAME,INDIKATOR_ID,INDIKATOR_NAME,INDIKATOR_JAHR,INDIKATOR_VALUE,EINHEIT_KURZ,EINHEIT_LANG,Unnamed: 11"
187,297@statistisches-amt-kanton-zuerich,NRW Wähleranteil BDP [%],",BFS_NR,GEBIET_NAME,THEMA_NAME,SET_NAME,SUBSET_NAME,INDIKATOR_ID,INDIKATOR_NAME,INDIKATOR_JAHR,INDIKATOR_VALUE,EINHEIT_KURZ,EINHEIT_LANG,Unnamed: 11"
188,302@statistisches-amt-kanton-zuerich,NRW Wähleranteil FDP [%],",BFS_NR,GEBIET_NAME,THEMA_NAME,SET_NAME,SUBSET_NAME,INDIKATOR_ID,INDIKATOR_NAME,INDIKATOR_JAHR,INDIKATOR_VALUE,EINHEIT_KURZ,EINHEIT_LANG,Unnamed: 11"
189,361@statistisches-amt-kanton-zuerich,NRW Wähleranteil GP [%],",BFS_NR,GEBIET_NAME,THEMA_NAME,SET_NAME,SUBSET_NAME,INDIKATOR_ID,INDIKATOR_NAME,INDIKATOR_JAHR,INDIKATOR_VALUE,EINHEIT_KURZ,EINHEIT_LANG,Unnamed: 11"
190,10@statistisches-amt-kanton-zuerich,KRW Wähleranteil SD [%],",BFS_NR,GEBIET_NAME,THEMA_NAME,SET_NAME,SUBSET_NAME,INDIKATOR_ID,INDIKATOR_NAME,INDIKATOR_JAHR,INDIKATOR_VALUE,EINHEIT_KURZ,EINHEIT_LANG,Unnamed: 11"
191,234@statistisches-amt-kanton-zuerich,Apotheken [pro 1000 Einw.],",BFS_NR,GEBIET_NAME,THEMA_NAME,SET_NAME,SUBSET_NAME,INDIKATOR_ID,INDIKATOR_NAME,INDIKATOR_JAHR,INDIKATOR_VALUE,EINHEIT_KURZ,EINHEIT_LANG,Unnamed: 11"
192,237@statistisches-amt-kanton-zuerich,Anteil 2 Zi.-Wohnungen [%],",BFS_NR,GEBIET_NAME,THEMA_NAME,SET_NAME,SUBSET_NAME,INDIKATOR_ID,INDIKATOR_NAME,INDIKATOR_JAHR,INDIKATOR_VALUE,EINHEIT_KURZ,EINHEIT_LANG,Unnamed: 11"
193,310@statistisches-amt-kanton-zuerich,Scheidungen [pro 1000 Einw.],",BFS_NR,GEBIET_NAME,THEMA_NAME,SET_NAME,SUBSET_NAME,INDIKATOR_ID,INDIKATOR_NAME,INDIKATOR_JAHR,INDIKATOR_VALUE,EINHEIT_KURZ,EINHEIT_LANG,Unnamed: 11"
194,318@statistisches-amt-kanton-zuerich,Arbeitslosenanteil an Bevölkerung 15-64 Jahre [%],",BFS_NR,GEBIET_NAME,THEMA_NAME,SET_NAME,SUBSET_NAME,INDIKATOR_ID,INDIKATOR_NAME,INDIKATOR_JAHR,INDIKATOR_VALUE,EINHEIT_KURZ,EINHEIT_LANG,Unnamed: 11"
195,326@statistisches-amt-kanton-zuerich,Anteil 2-Personenhaushalte [%],",BFS_NR,GEBIET_NAME,THEMA_NAME,SET_NAME,SUBSET_NAME,INDIKATOR_ID,INDIKATOR_NAME,INDIKATOR_JAHR,INDIKATOR_VALUE,EINHEIT_KURZ,EINHEIT_LANG,Unnamed: 11"
196,362@statistisches-amt-kanton-zuerich,Kehrichtmengen [Tonnen],",BFS_NR,GEBIET_NAME,THEMA_NAME,SET_NAME,SUBSET_NAME,INDIKATOR_ID,INDIKATOR_NAME,INDIKATOR_JAHR,INDIKATOR_VALUE,EINHEIT_KURZ,EINHEIT_LANG,Unnamed: 11"
197,379@statistisches-amt-kanton-zuerich,"Nettoaufwand Kultur, Sport und Freizeit [Fr./Einw.]",",BFS_NR,GEBIET_NAME,THEMA_NAME,SET_NAME,SUBSET_NAME,INDIKATOR_ID,INDIKATOR_NAME,INDIKATOR_JAHR,INDIKATOR_VALUE,EINHEIT_KURZ,EINHEIT_LANG,Unnamed: 11"
198,291@statistisches-amt-kanton-zuerich,Steuerb. Vermögen natürl. Pers. 25%-Quantil [Fr.],",BFS_NR,GEBIET_NAME,THEMA_NAME,SET_NAME,SUBSET_NAME,INDIKATOR_ID,INDIKATOR_NAME,INDIKATOR_JAHR,INDIKATOR_VALUE,EINHEIT_KURZ,EINHEIT_LANG,Unnamed: 11"
199,391@statistisches-amt-kanton-zuerich,Anteil GK F [%],",BFS_NR,GEBIET_NAME,THEMA_NAME,SET_NAME,SUBSET_NAME,INDIKATOR_ID,INDIKATOR_NAME,INDIKATOR_JAHR,INDIKATOR_VALUE,EINHEIT_KURZ,EINHEIT_LANG,Unnamed: 11"
200,166@statistisches-amt-kanton-zuerich,Nettoaufwand Umweltschutz und Raumordnung [Fr./Einw.],",BFS_NR,GEBIET_NAME,THEMA_NAME,SET_NAME,SUBSET_NAME,INDIKATOR_ID,INDIKATOR_NAME,INDIKATOR_JAHR,INDIKATOR_VALUE,EINHEIT_KURZ,EINHEIT_LANG,Unnamed: 11"
201,358@statistisches-amt-kanton-zuerich,Anteil EFH am Wohnungsbestand [%],",BFS_NR,GEBIET_NAME,THEMA_NAME,SET_NAME,SUBSET_NAME,INDIKATOR_ID,INDIKATOR_NAME,INDIKATOR_JAHR,INDIKATOR_VALUE,EINHEIT_KURZ,EINHEIT_LANG,Unnamed: 11"
202,386@statistisches-amt-kanton-zuerich,Anteil GK A [%],",BFS_NR,GEBIET_NAME,THEMA_NAME,SET_NAME,SUBSET_NAME,INDIKATOR_ID,INDIKATOR_NAME,INDIKATOR_JAHR,INDIKATOR_VALUE,EINHEIT_KURZ,EINHEIT_LANG,Unnamed: 11"
203,115@statistisches-amt-kanton-zuerich,Bevölkerung: katholisch [Pers.],",BFS_NR,GEBIET_NAME,THEMA_NAME,SET_NAME,SUBSET_NAME,INDIKATOR_ID,INDIKATOR_NAME,INDIKATOR_JAHR,INDIKATOR_VALUE,EINHEIT_KURZ,EINHEIT_LANG,Unnamed: 11"
204,170@statistisches-amt-kanton-zuerich,Finanzvermögen [Fr./Einw.],",BFS_NR,GEBIET_NAME,THEMA_NAME,SET_NAME,SUBSET_NAME,INDIKATOR_ID,INDIKATOR_NAME,INDIKATOR_JAHR,INDIKATOR_VALUE,EINHEIT_KURZ,EINHEIT_LANG,Unnamed: 11"
205,404@statistisches-amt-kanton-zuerich,Total ordentlich Besteuerte [Anz.],",BFS_NR,GEBIET_NAME,THEMA_NAME,SET_NAME,SUBSET_NAME,INDIKATOR_ID,INDIKATOR_NAME,INDIKATOR_JAHR,INDIKATOR_VALUE,EINHEIT_KURZ,EINHEIT_LANG,Unnamed: 11"
211,57@statistisches-amt-kanton-zuerich,Hotelbetten [Anz.],",BFS_NR,GEBIET_NAME,THEMA_NAME,SET_NAME,SUBSET_NAME,INDIKATOR_ID,INDIKATOR_NAME,INDIKATOR_JAHR,INDIKATOR_VALUE,EINHEIT_KURZ,EINHEIT_LANG,Unnamed: 11"
214,523@fachstelle-ogd-kanton-zuerich,Statistik der Informationszugangsgesuche nach IDG des Kantons Zürich,",jahr,organisationseinheit,gesuche_haengig_jan,gesuche_total,zugang_uneingeschraenkt_gewaehrt,zugang_teilweise_gewaehrt,zugang_vollstaendig_abgelehnt,anderweitige_erledigung,gesuche_haengig_dez"
215,544@oberjugendanwaltschaft-kanton-zuerich,Statistik der Jugendstrafrechtspflege des Kantons Zürich,",Jahr,Leib_und_Leben,Vermoegen,Freiheit,Sexuelle_Integritaet,uebrige_StGB,SVG,BetmG,andere_Vorschriften"
217,172@statistisches-amt-kanton-zuerich,Fremdkapital [Fr./Einw.],",BFS_NR,GEBIET_NAME,THEMA_NAME,SET_NAME,SUBSET_NAME,INDIKATOR_ID,INDIKATOR_NAME,INDIKATOR_JAHR,INDIKATOR_VALUE,EINHEIT_KURZ,EINHEIT_LANG,Unnamed: 11"
253,685@statistisches-amt-kanton-zuerich,Neuzulassungen Benzinmotor [%],",BFS_NR,GEBIET_NAME,THEMA_NAME,SET_NAME,SUBSET_NAME,INDIKATOR_ID,INDIKATOR_NAME,INDIKATOR_JAHR,INDIKATOR_VALUE,EINHEIT_KURZ,EINHEIT_LANG,Unnamed: 11"
257,710@gesundheitsdirektion-kanton-zuerich,COVID_19 Sterbeorte Kanton Zürich ab 15.03.2020,",date,time,abbreviation_canton_and_fl,place_of_death,ncumul_deceased,source"
258,705@statistisches-amt-kanton-zuerich,Zukünftige Bevölkerung Kanton Zürich und Regionen nach Geschlecht und Alter,",kanton,KT,jahr,sex,sex2,ALKL,anzahl,quelle,szenario"
260,719@fachstelle-ogd-kanton-zuerich,Corona-Hilfen im Kulturbereich im Kanton Zürich,",Kategorie,Sparte,Nachgefragt,Beschluss,Status,Eingangsdatum,Beschlussdatum,ID"
261,720@geschaeftsfeld-gesellschaft-stadt-uster,Quartier-Infokästen der Stadt Uster und Quartiervereinen,",standort,quartierverein,besitzer,lat,lng,bild_kasten,link_google-streetview"
265,114@statistisches-amt-kanton-zuerich,Bevölkerung: reformiert [Pers.],",BFS_NR,GEBIET_NAME,THEMA_NAME,SET_NAME,SUBSET_NAME,INDIKATOR_ID,INDIKATOR_NAME,INDIKATOR_JAHR,INDIKATOR_VALUE,EINHEIT_KURZ,EINHEIT_LANG,Unnamed: 11"
266,199@statistisches-amt-kanton-zuerich,Wegzüge [Pers.],",BFS_NR,GEBIET_NAME,THEMA_NAME,SET_NAME,SUBSET_NAME,INDIKATOR_ID,INDIKATOR_NAME,INDIKATOR_JAHR,INDIKATOR_VALUE,EINHEIT_KURZ,EINHEIT_LANG,Unnamed: 11"
267,51@statistisches-amt-kanton-zuerich,Hauptberufliche Landwirtschaftsbetriebe [Anz.],",BFS_NR,GEBIET_NAME,THEMA_NAME,SET_NAME,SUBSET_NAME,INDIKATOR_ID,INDIKATOR_NAME,INDIKATOR_JAHR,INDIKATOR_VALUE,EINHEIT_KURZ,EINHEIT_LANG,Unnamed: 11"
268,98@statistisches-amt-kanton-zuerich,Bevölkerung: Anteil 0-14-Jährige [%],",BFS_NR,GEBIET_NAME,THEMA_NAME,SET_NAME,SUBSET_NAME,INDIKATOR_ID,INDIKATOR_NAME,INDIKATOR_JAHR,INDIKATOR_VALUE,EINHEIT_KURZ,EINHEIT_LANG,Unnamed: 11"
269,102@statistisches-amt-kanton-zuerich,Bevölkerung: Anteil 20-39-Jährige [%],",BFS_NR,GEBIET_NAME,THEMA_NAME,SET_NAME,SUBSET_NAME,INDIKATOR_ID,INDIKATOR_NAME,INDIKATOR_JAHR,INDIKATOR_VALUE,EINHEIT_KURZ,EINHEIT_LANG,Unnamed: 11"
270,204@statistisches-amt-kanton-zuerich,Bevölkerung [Pers.],",BFS_NR,GEBIET_NAME,THEMA_NAME,SET_NAME,SUBSET_NAME,INDIKATOR_ID,INDIKATOR_NAME,INDIKATOR_JAHR,INDIKATOR_VALUE,EINHEIT_KURZ,EINHEIT_LANG,Unnamed: 11"
271,133@statistisches-amt-kanton-zuerich,Aerzte [pro 1000 Einw.],",BFS_NR,GEBIET_NAME,THEMA_NAME,SET_NAME,SUBSET_NAME,INDIKATOR_ID,INDIKATOR_NAME,INDIKATOR_JAHR,INDIKATOR_VALUE,EINHEIT_KURZ,EINHEIT_LANG,Unnamed: 11"
272,135@statistisches-amt-kanton-zuerich,Gemeindebeitrag an ZVV [Fr./Einw.],",BFS_NR,GEBIET_NAME,THEMA_NAME,SET_NAME,SUBSET_NAME,INDIKATOR_ID,INDIKATOR_NAME,INDIKATOR_JAHR,INDIKATOR_VALUE,EINHEIT_KURZ,EINHEIT_LANG,Unnamed: 11"
273,340@statistisches-amt-kanton-zuerich,Beschäftigte im Primärsektor [Anz.],",BFS_NR,GEBIET_NAME,THEMA_NAME,SET_NAME,SUBSET_NAME,INDIKATOR_ID,INDIKATOR_NAME,INDIKATOR_JAHR,INDIKATOR_VALUE,EINHEIT_KURZ,EINHEIT_LANG,Unnamed: 11"
274,346@statistisches-amt-kanton-zuerich,Total Beschäftigte [Anz.],",BFS_NR,GEBIET_NAME,THEMA_NAME,SET_NAME,SUBSET_NAME,INDIKATOR_ID,INDIKATOR_NAME,INDIKATOR_JAHR,INDIKATOR_VALUE,EINHEIT_KURZ,EINHEIT_LANG,Unnamed: 11"
275,162@statistisches-amt-kanton-zuerich,Nettoaufwand soziale Sicherheit [Fr./Einw.],",BFS_NR,GEBIET_NAME,THEMA_NAME,SET_NAME,SUBSET_NAME,INDIKATOR_ID,INDIKATOR_NAME,INDIKATOR_JAHR,INDIKATOR_VALUE,EINHEIT_KURZ,EINHEIT_LANG,Unnamed: 11"
276,2@statistisches-amt-kanton-zuerich,Selbstfinanzierungsanteil [%],",BFS_NR,GEBIET_NAME,THEMA_NAME,SET_NAME,SUBSET_NAME,INDIKATOR_ID,INDIKATOR_NAME,INDIKATOR_JAHR,INDIKATOR_VALUE,EINHEIT_KURZ,EINHEIT_LANG,Unnamed: 11"
277,144@statistisches-amt-kanton-zuerich,Bauinv. EFH 5 Jahre [Fr./Einw.],",BFS_NR,GEBIET_NAME,THEMA_NAME,SET_NAME,SUBSET_NAME,INDIKATOR_ID,INDIKATOR_NAME,INDIKATOR_JAHR,INDIKATOR_VALUE,EINHEIT_KURZ,EINHEIT_LANG,Unnamed: 11"
278,176@statistisches-amt-kanton-zuerich,Bauzonen nicht überbaut [ha],",BFS_NR,GEBIET_NAME,THEMA_NAME,SET_NAME,SUBSET_NAME,INDIKATOR_ID,INDIKATOR_NAME,INDIKATOR_JAHR,INDIKATOR_VALUE,EINHEIT_KURZ,EINHEIT_LANG,Unnamed: 11"
279,184@statistisches-amt-kanton-zuerich,Bauzonen überbaut pro Kopf [m2/Einw.],",BFS_NR,GEBIET_NAME,THEMA_NAME,SET_NAME,SUBSET_NAME,INDIKATOR_ID,INDIKATOR_NAME,INDIKATOR_JAHR,INDIKATOR_VALUE,EINHEIT_KURZ,EINHEIT_LANG,Unnamed: 11"
280,335@statistisches-amt-kanton-zuerich,Arbeitsstätten im Primärsektor [Anz.],",BFS_NR,GEBIET_NAME,THEMA_NAME,SET_NAME,SUBSET_NAME,INDIKATOR_ID,INDIKATOR_NAME,INDIKATOR_JAHR,INDIKATOR_VALUE,EINHEIT_KURZ,EINHEIT_LANG,Unnamed: 11"
281,357@statistisches-amt-kanton-zuerich,VZÄ im Tertiärsektor [Anz.],",BFS_NR,GEBIET_NAME,THEMA_NAME,SET_NAME,SUBSET_NAME,INDIKATOR_ID,INDIKATOR_NAME,INDIKATOR_JAHR,INDIKATOR_VALUE,EINHEIT_KURZ,EINHEIT_LANG,Unnamed: 11"
282,54@statistisches-amt-kanton-zuerich,Privathaushalte Total [Anz.],",BFS_NR,GEBIET_NAME,THEMA_NAME,SET_NAME,SUBSET_NAME,INDIKATOR_ID,INDIKATOR_NAME,INDIKATOR_JAHR,INDIKATOR_VALUE,EINHEIT_KURZ,EINHEIT_LANG,Unnamed: 11"
283,66@statistisches-amt-kanton-zuerich,Anteil Waldfläche [%],",BFS_NR,GEBIET_NAME,THEMA_NAME,SET_NAME,SUBSET_NAME,INDIKATOR_ID,INDIKATOR_NAME,INDIKATOR_JAHR,INDIKATOR_VALUE,EINHEIT_KURZ,EINHEIT_LANG,Unnamed: 11"
284,15@statistisches-amt-kanton-zuerich,Anteil unproduktive Fläche [%],",BFS_NR,GEBIET_NAME,THEMA_NAME,SET_NAME,SUBSET_NAME,INDIKATOR_ID,INDIKATOR_NAME,INDIKATOR_JAHR,INDIKATOR_VALUE,EINHEIT_KURZ,EINHEIT_LANG,Unnamed: 11"
285,303@statistisches-amt-kanton-zuerich,NRW Wähleranteil SVP [%],",BFS_NR,GEBIET_NAME,THEMA_NAME,SET_NAME,SUBSET_NAME,INDIKATOR_ID,INDIKATOR_NAME,INDIKATOR_JAHR,INDIKATOR_VALUE,EINHEIT_KURZ,EINHEIT_LANG,Unnamed: 11"
286,380@statistisches-amt-kanton-zuerich,KRW Wähleranteil GP [%],",BFS_NR,GEBIET_NAME,THEMA_NAME,SET_NAME,SUBSET_NAME,INDIKATOR_ID,INDIKATOR_NAME,INDIKATOR_JAHR,INDIKATOR_VALUE,EINHEIT_KURZ,EINHEIT_LANG,Unnamed: 11"
287,94@statistisches-amt-kanton-zuerich,Geb.Vol. Industrie/Lager: Anteil [%],",BFS_NR,GEBIET_NAME,THEMA_NAME,SET_NAME,SUBSET_NAME,INDIKATOR_ID,INDIKATOR_NAME,INDIKATOR_JAHR,INDIKATOR_VALUE,EINHEIT_KURZ,EINHEIT_LANG,Unnamed: 11"
288,288@statistisches-amt-kanton-zuerich,KRW Wähleranteil BDP [%],",BFS_NR,GEBIET_NAME,THEMA_NAME,SET_NAME,SUBSET_NAME,INDIKATOR_ID,INDIKATOR_NAME,INDIKATOR_JAHR,INDIKATOR_VALUE,EINHEIT_KURZ,EINHEIT_LANG,Unnamed: 11"
289,161@statistisches-amt-kanton-zuerich,Nettoaufwand Bildung [Fr./Einw.],",BFS_NR,GEBIET_NAME,THEMA_NAME,SET_NAME,SUBSET_NAME,INDIKATOR_ID,INDIKATOR_NAME,INDIKATOR_JAHR,INDIKATOR_VALUE,EINHEIT_KURZ,EINHEIT_LANG,Unnamed: 11"
290,283@statistisches-amt-kanton-zuerich,Bevölkerung: Männer [Pers.],",BFS_NR,GEBIET_NAME,THEMA_NAME,SET_NAME,SUBSET_NAME,INDIKATOR_ID,INDIKATOR_NAME,INDIKATOR_JAHR,INDIKATOR_VALUE,EINHEIT_KURZ,EINHEIT_LANG,Unnamed: 11"
291,327@statistisches-amt-kanton-zuerich,Anteil 3-Personenhaushalte [%],",BFS_NR,GEBIET_NAME,THEMA_NAME,SET_NAME,SUBSET_NAME,INDIKATOR_ID,INDIKATOR_NAME,INDIKATOR_JAHR,INDIKATOR_VALUE,EINHEIT_KURZ,EINHEIT_LANG,Unnamed: 11"
292,8@statistisches-amt-kanton-zuerich,KRW Wähleranteil EDU [%],",BFS_NR,GEBIET_NAME,THEMA_NAME,SET_NAME,SUBSET_NAME,INDIKATOR_ID,INDIKATOR_NAME,INDIKATOR_JAHR,INDIKATOR_VALUE,EINHEIT_KURZ,EINHEIT_LANG,Unnamed: 11"
293,394@statistisches-amt-kanton-zuerich,Steuerfuss juristische Personen [%],",BFS_NR,GEBIET_NAME,THEMA_NAME,SET_NAME,SUBSET_NAME,INDIKATOR_ID,INDIKATOR_NAME,INDIKATOR_JAHR,INDIKATOR_VALUE,EINHEIT_KURZ,EINHEIT_LANG,Unnamed: 11"
294,48@statistisches-amt-kanton-zuerich,Landwirtschaftsbetriebe [Anz.],",BFS_NR,GEBIET_NAME,THEMA_NAME,SET_NAME,SUBSET_NAME,INDIKATOR_ID,INDIKATOR_NAME,INDIKATOR_JAHR,INDIKATOR_VALUE,EINHEIT_KURZ,EINHEIT_LANG,Unnamed: 11"
295,353@statistisches-amt-kanton-zuerich,Wohnungen: Anteil Eigentumsobjekte [%],",BFS_NR,GEBIET_NAME,THEMA_NAME,SET_NAME,SUBSET_NAME,INDIKATOR_ID,INDIKATOR_NAME,INDIKATOR_JAHR,INDIKATOR_VALUE,EINHEIT_KURZ,EINHEIT_LANG,Unnamed: 11"
296,238@statistisches-amt-kanton-zuerich,Anteil 3 Zi.-Wohnungen [%],",BFS_NR,GEBIET_NAME,THEMA_NAME,SET_NAME,SUBSET_NAME,INDIKATOR_ID,INDIKATOR_NAME,INDIKATOR_JAHR,INDIKATOR_VALUE,EINHEIT_KURZ,EINHEIT_LANG,Unnamed: 11"
297,290@statistisches-amt-kanton-zuerich,Aerzte [Anz.],",BFS_NR,GEBIET_NAME,THEMA_NAME,SET_NAME,SUBSET_NAME,INDIKATOR_ID,INDIKATOR_NAME,INDIKATOR_JAHR,INDIKATOR_VALUE,EINHEIT_KURZ,EINHEIT_LANG,Unnamed: 11"
298,399@statistisches-amt-kanton-zuerich,"Total geschaffene Stellen, Beschäftigte [Anz.]",",BFS_NR,GEBIET_NAME,THEMA_NAME,SET_NAME,SUBSET_NAME,INDIKATOR_ID,INDIKATOR_NAME,INDIKATOR_JAHR,INDIKATOR_VALUE,EINHEIT_KURZ,EINHEIT_LANG,Unnamed: 11"
299,387@statistisches-amt-kanton-zuerich,Anteil GK B [%],",BFS_NR,GEBIET_NAME,THEMA_NAME,SET_NAME,SUBSET_NAME,INDIKATOR_ID,INDIKATOR_NAME,INDIKATOR_JAHR,INDIKATOR_VALUE,EINHEIT_KURZ,EINHEIT_LANG,Unnamed: 11"
300,389@statistisches-amt-kanton-zuerich,Anteil GK D [%],",BFS_NR,GEBIET_NAME,THEMA_NAME,SET_NAME,SUBSET_NAME,INDIKATOR_ID,INDIKATOR_NAME,INDIKATOR_JAHR,INDIKATOR_VALUE,EINHEIT_KURZ,EINHEIT_LANG,Unnamed: 11"
301,167@statistisches-amt-kanton-zuerich,Nettoaufwand Volkswirtschaft [Fr./Einw.],",BFS_NR,GEBIET_NAME,THEMA_NAME,SET_NAME,SUBSET_NAME,INDIKATOR_ID,INDIKATOR_NAME,INDIKATOR_JAHR,INDIKATOR_VALUE,EINHEIT_KURZ,EINHEIT_LANG,Unnamed: 11"
302,355@statistisches-amt-kanton-zuerich,Arbeitsstätten im Sekundärsektor [Anz.],",BFS_NR,GEBIET_NAME,THEMA_NAME,SET_NAME,SUBSET_NAME,INDIKATOR_ID,INDIKATOR_NAME,INDIKATOR_JAHR,INDIKATOR_VALUE,EINHEIT_KURZ,EINHEIT_LANG,Unnamed: 11"
303,413@statistisches-amt-kanton-zuerich,Steuerfuss (ohne Kirchen) [%],",BFS_NR,GEBIET_NAME,THEMA_NAME,SET_NAME,SUBSET_NAME,INDIKATOR_ID,INDIKATOR_NAME,INDIKATOR_JAHR,INDIKATOR_VALUE,EINHEIT_KURZ,EINHEIT_LANG,Unnamed: 11"
334,671@gesundheitsdirektion-kanton-zuerich,COVID_19 Fallzahlen Kanton Zürich ab 27.02.2020,",Date,Area,AgeYear,Gender,NewConfCases,NewDeaths,Source"
337,677@statistisches-amt-kanton-zuerich,PW-Neuzulassungen pro 1000 Einw. [Anz.],",BFS_NR,GEBIET_NAME,THEMA_NAME,SET_NAME,SUBSET_NAME,INDIKATOR_ID,INDIKATOR_NAME,INDIKATOR_JAHR,INDIKATOR_VALUE,EINHEIT_KURZ,EINHEIT_LANG,Unnamed: 11"
338,696@gesundheitsdirektion-kanton-zuerich,COVID_19 Contact Tracing Kanton Zürich ab 14.05.2020,",from,until,context_bool,context_cat,n_conf,perc_conf,sort"
339,190@statistisches-amt-kanton-zuerich,Steuerbares Vermögen natürliche Pers. [Mio.Fr.],",BFS_NR,GEBIET_NAME,THEMA_NAME,SET_NAME,SUBSET_NAME,INDIKATOR_ID,INDIKATOR_NAME,INDIKATOR_JAHR,INDIKATOR_VALUE,EINHEIT_KURZ,EINHEIT_LANG,Unnamed: 11"
340,197@statistisches-amt-kanton-zuerich,Steuerkraft ber. (arith. Mittel 3 Jahre) [Mio.Fr.],",BFS_NR,GEBIET_NAME,THEMA_NAME,SET_NAME,SUBSET_NAME,INDIKATOR_ID,INDIKATOR_NAME,INDIKATOR_JAHR,INDIKATOR_VALUE,EINHEIT_KURZ,EINHEIT_LANG,Unnamed: 11"
341,22@statistisches-amt-kanton-zuerich,Anteil Pol./Schulgem. an allg. Gemeindesteuern [%],",BFS_NR,GEBIET_NAME,THEMA_NAME,SET_NAME,SUBSET_NAME,INDIKATOR_ID,INDIKATOR_NAME,INDIKATOR_JAHR,INDIKATOR_VALUE,EINHEIT_KURZ,EINHEIT_LANG,Unnamed: 11"
342,46@statistisches-amt-kanton-zuerich,Geb.Vol. Wohnen: Zunahme [%],",BFS_NR,GEBIET_NAME,THEMA_NAME,SET_NAME,SUBSET_NAME,INDIKATOR_ID,INDIKATOR_NAME,INDIKATOR_JAHR,INDIKATOR_VALUE,EINHEIT_KURZ,EINHEIT_LANG,Unnamed: 11"
343,61@statistisches-amt-kanton-zuerich,Bevölkerungsdichte [Einw./km2],",BFS_NR,GEBIET_NAME,THEMA_NAME,SET_NAME,SUBSET_NAME,INDIKATOR_ID,INDIKATOR_NAME,INDIKATOR_JAHR,INDIKATOR_VALUE,EINHEIT_KURZ,EINHEIT_LANG,Unnamed: 11"
344,69@statistisches-amt-kanton-zuerich,Wegzüge [%],",BFS_NR,GEBIET_NAME,THEMA_NAME,SET_NAME,SUBSET_NAME,INDIKATOR_ID,INDIKATOR_NAME,INDIKATOR_JAHR,INDIKATOR_VALUE,EINHEIT_KURZ,EINHEIT_LANG,Unnamed: 11"
345,99@statistisches-amt-kanton-zuerich,Geb.Vol. Landwirtschaft: Anteil [%],",BFS_NR,GEBIET_NAME,THEMA_NAME,SET_NAME,SUBSET_NAME,INDIKATOR_ID,INDIKATOR_NAME,INDIKATOR_JAHR,INDIKATOR_VALUE,EINHEIT_KURZ,EINHEIT_LANG,Unnamed: 11"
346,100@statistisches-amt-kanton-zuerich,Bevölkerung: Anteil 15-19-Jährige [%],",BFS_NR,GEBIET_NAME,THEMA_NAME,SET_NAME,SUBSET_NAME,INDIKATOR_ID,INDIKATOR_NAME,INDIKATOR_JAHR,INDIKATOR_VALUE,EINHEIT_KURZ,EINHEIT_LANG,Unnamed: 11"
347,101@statistisches-amt-kanton-zuerich,Geb.Vol. Landwirtschaft: Zunahme [%],",BFS_NR,GEBIET_NAME,THEMA_NAME,SET_NAME,SUBSET_NAME,INDIKATOR_ID,INDIKATOR_NAME,INDIKATOR_JAHR,INDIKATOR_VALUE,EINHEIT_KURZ,EINHEIT_LANG,Unnamed: 11"
348,224@statistisches-amt-kanton-zuerich,Erwerb des Schweizer Bürgerrechts [pro 1000 Einw.],",BFS_NR,GEBIET_NAME,THEMA_NAME,SET_NAME,SUBSET_NAME,INDIKATOR_ID,INDIKATOR_NAME,INDIKATOR_JAHR,INDIKATOR_VALUE,EINHEIT_KURZ,EINHEIT_LANG,Unnamed: 11"
349,58@statistisches-amt-kanton-zuerich,Hotels [Anz.],",BFS_NR,GEBIET_NAME,THEMA_NAME,SET_NAME,SUBSET_NAME,INDIKATOR_ID,INDIKATOR_NAME,INDIKATOR_JAHR,INDIKATOR_VALUE,EINHEIT_KURZ,EINHEIT_LANG,Unnamed: 11"
350,81@statistisches-amt-kanton-zuerich,NRW Wähleranteil EVP [%],",BFS_NR,GEBIET_NAME,THEMA_NAME,SET_NAME,SUBSET_NAME,INDIKATOR_ID,INDIKATOR_NAME,INDIKATOR_JAHR,INDIKATOR_VALUE,EINHEIT_KURZ,EINHEIT_LANG,Unnamed: 11"
351,118@statistisches-amt-kanton-zuerich,Schafe [Anz.],",BFS_NR,GEBIET_NAME,THEMA_NAME,SET_NAME,SUBSET_NAME,INDIKATOR_ID,INDIKATOR_NAME,INDIKATOR_JAHR,INDIKATOR_VALUE,EINHEIT_KURZ,EINHEIT_LANG,Unnamed: 11"
352,342@statistisches-amt-kanton-zuerich,Beschäftigte im Tertiärsektor [Anz.],",BFS_NR,GEBIET_NAME,THEMA_NAME,SET_NAME,SUBSET_NAME,INDIKATOR_ID,INDIKATOR_NAME,INDIKATOR_JAHR,INDIKATOR_VALUE,EINHEIT_KURZ,EINHEIT_LANG,Unnamed: 11"
353,40@statistisches-amt-kanton-zuerich,Schül. Kindergarten [Anz.],",BFS_NR,GEBIET_NAME,THEMA_NAME,SET_NAME,SUBSET_NAME,INDIKATOR_ID,INDIKATOR_NAME,INDIKATOR_JAHR,INDIKATOR_VALUE,EINHEIT_KURZ,EINHEIT_LANG,Unnamed: 11"
354,70@statistisches-amt-kanton-zuerich,15-Jahresverbrauch  [%],",BFS_NR,GEBIET_NAME,THEMA_NAME,SET_NAME,SUBSET_NAME,INDIKATOR_ID,INDIKATOR_NAME,INDIKATOR_JAHR,INDIKATOR_VALUE,EINHEIT_KURZ,EINHEIT_LANG,Unnamed: 11"
355,145@statistisches-amt-kanton-zuerich,Bauinv. Industr./Lager 5 Jahre [Fr./Einw.],",BFS_NR,GEBIET_NAME,THEMA_NAME,SET_NAME,SUBSET_NAME,INDIKATOR_ID,INDIKATOR_NAME,INDIKATOR_JAHR,INDIKATOR_VALUE,EINHEIT_KURZ,EINHEIT_LANG,Unnamed: 11"
356,157@statistisches-amt-kanton-zuerich,"Bauinv. Spital, Kultur usw. 5 J. [Fr./Einw.]",",BFS_NR,GEBIET_NAME,THEMA_NAME,SET_NAME,SUBSET_NAME,INDIKATOR_ID,INDIKATOR_NAME,INDIKATOR_JAHR,INDIKATOR_VALUE,EINHEIT_KURZ,EINHEIT_LANG,Unnamed: 11"
357,158@statistisches-amt-kanton-zuerich,Bauinvestitionen  [Fr./Einw.],",BFS_NR,GEBIET_NAME,THEMA_NAME,SET_NAME,SUBSET_NAME,INDIKATOR_ID,INDIKATOR_NAME,INDIKATOR_JAHR,INDIKATOR_VALUE,EINHEIT_KURZ,EINHEIT_LANG,Unnamed: 11"
358,210@statistisches-amt-kanton-zuerich,Schül. Sekundarstufe I [Pers. pro 1000 Einw.],",BFS_NR,GEBIET_NAME,THEMA_NAME,SET_NAME,SUBSET_NAME,INDIKATOR_ID,INDIKATOR_NAME,INDIKATOR_JAHR,INDIKATOR_VALUE,EINHEIT_KURZ,EINHEIT_LANG,Unnamed: 11"
359,214@statistisches-amt-kanton-zuerich,Schül. Berufsschule [pro 1000 Einw.],",BFS_NR,GEBIET_NAME,THEMA_NAME,SET_NAME,SUBSET_NAME,INDIKATOR_ID,INDIKATOR_NAME,INDIKATOR_JAHR,INDIKATOR_VALUE,EINHEIT_KURZ,EINHEIT_LANG,Unnamed: 11"
360,337@statistisches-amt-kanton-zuerich,Kleine Betriebe (10-49 VZÄ) [Anz.],",BFS_NR,GEBIET_NAME,THEMA_NAME,SET_NAME,SUBSET_NAME,INDIKATOR_ID,INDIKATOR_NAME,INDIKATOR_JAHR,INDIKATOR_VALUE,EINHEIT_KURZ,EINHEIT_LANG,Unnamed: 11"
361,359@statistisches-amt-kanton-zuerich,Hotelbetten pro 1000 Einwohner [Anz.],",BFS_NR,GEBIET_NAME,THEMA_NAME,SET_NAME,SUBSET_NAME,INDIKATOR_ID,INDIKATOR_NAME,INDIKATOR_JAHR,INDIKATOR_VALUE,EINHEIT_KURZ,EINHEIT_LANG,Unnamed: 11"
362,377@statistisches-amt-kanton-zuerich,NRW Wähleranteil CVP [%],",BFS_NR,GEBIET_NAME,THEMA_NAME,SET_NAME,SUBSET_NAME,INDIKATOR_ID,INDIKATOR_NAME,INDIKATOR_JAHR,INDIKATOR_VALUE,EINHEIT_KURZ,EINHEIT_LANG,Unnamed: 11"
363,117@statistisches-amt-kanton-zuerich,Kühe [Anz.],",BFS_NR,GEBIET_NAME,THEMA_NAME,SET_NAME,SUBSET_NAME,INDIKATOR_ID,INDIKATOR_NAME,INDIKATOR_JAHR,INDIKATOR_VALUE,EINHEIT_KURZ,EINHEIT_LANG,Unnamed: 11"
364,12@statistisches-amt-kanton-zuerich,NRW Wähleranteil EDU [%],",BFS_NR,GEBIET_NAME,THEMA_NAME,SET_NAME,SUBSET_NAME,INDIKATOR_ID,INDIKATOR_NAME,INDIKATOR_JAHR,INDIKATOR_VALUE,EINHEIT_KURZ,EINHEIT_LANG,Unnamed: 11"
365,11@statistisches-amt-kanton-zuerich,NRW Wähleranteil AL [%],",BFS_NR,GEBIET_NAME,THEMA_NAME,SET_NAME,SUBSET_NAME,INDIKATOR_ID,INDIKATOR_NAME,INDIKATOR_JAHR,INDIKATOR_VALUE,EINHEIT_KURZ,EINHEIT_LANG,Unnamed: 11"
366,228@statistisches-amt-kanton-zuerich,Wohnungsbestand [Whg.],",BFS_NR,GEBIET_NAME,THEMA_NAME,SET_NAME,SUBSET_NAME,INDIKATOR_ID,INDIKATOR_NAME,INDIKATOR_JAHR,INDIKATOR_VALUE,EINHEIT_KURZ,EINHEIT_LANG,Unnamed: 11"
367,295@statistisches-amt-kanton-zuerich,Sozialhilfequote [%],",BFS_NR,GEBIET_NAME,THEMA_NAME,SET_NAME,SUBSET_NAME,INDIKATOR_ID,INDIKATOR_NAME,INDIKATOR_JAHR,INDIKATOR_VALUE,EINHEIT_KURZ,EINHEIT_LANG,Unnamed: 11"
368,309@statistisches-amt-kanton-zuerich,Scheidungen [Anz.],",BFS_NR,GEBIET_NAME,THEMA_NAME,SET_NAME,SUBSET_NAME,INDIKATOR_ID,INDIKATOR_NAME,INDIKATOR_JAHR,INDIKATOR_VALUE,EINHEIT_KURZ,EINHEIT_LANG,Unnamed: 11"
369,321@statistisches-amt-kanton-zuerich,1-Personenhaushalte [Anz.],",BFS_NR,GEBIET_NAME,THEMA_NAME,SET_NAME,SUBSET_NAME,INDIKATOR_ID,INDIKATOR_NAME,INDIKATOR_JAHR,INDIKATOR_VALUE,EINHEIT_KURZ,EINHEIT_LANG,Unnamed: 11"
370,392@statistisches-amt-kanton-zuerich,Anteil ohne GK [%],",BFS_NR,GEBIET_NAME,THEMA_NAME,SET_NAME,SUBSET_NAME,INDIKATOR_ID,INDIKATOR_NAME,INDIKATOR_JAHR,INDIKATOR_VALUE,EINHEIT_KURZ,EINHEIT_LANG,Unnamed: 11"
371,173@statistisches-amt-kanton-zuerich,Nettovermögen [Fr./Einw.],",BFS_NR,GEBIET_NAME,THEMA_NAME,SET_NAME,SUBSET_NAME,INDIKATOR_ID,INDIKATOR_NAME,INDIKATOR_JAHR,INDIKATOR_VALUE,EINHEIT_KURZ,EINHEIT_LANG,Unnamed: 11"
372,196@statistisches-amt-kanton-zuerich,Steuerertrag Total [Mio.Fr.],",BFS_NR,GEBIET_NAME,THEMA_NAME,SET_NAME,SUBSET_NAME,INDIKATOR_ID,INDIKATOR_NAME,INDIKATOR_JAHR,INDIKATOR_VALUE,EINHEIT_KURZ,EINHEIT_LANG,Unnamed: 11"
373,35@statistisches-amt-kanton-zuerich,Verkäufe EFH [Anz.],",BFS_NR,GEBIET_NAME,THEMA_NAME,SET_NAME,SUBSET_NAME,INDIKATOR_ID,INDIKATOR_NAME,INDIKATOR_JAHR,INDIKATOR_VALUE,EINHEIT_KURZ,EINHEIT_LANG,Unnamed: 11"
374,103@statistisches-amt-kanton-zuerich,Geb.Vol. Nebengebäude: Anteil [%],",BFS_NR,GEBIET_NAME,THEMA_NAME,SET_NAME,SUBSET_NAME,INDIKATOR_ID,INDIKATOR_NAME,INDIKATOR_JAHR,INDIKATOR_VALUE,EINHEIT_KURZ,EINHEIT_LANG,Unnamed: 11"
375,109@statistisches-amt-kanton-zuerich,Anteil Teilzeitbeschäftigte Landwirtschaft [%],",BFS_NR,GEBIET_NAME,THEMA_NAME,SET_NAME,SUBSET_NAME,INDIKATOR_ID,INDIKATOR_NAME,INDIKATOR_JAHR,INDIKATOR_VALUE,EINHEIT_KURZ,EINHEIT_LANG,Unnamed: 11"
376,20@statistisches-amt-kanton-zuerich,Anteil Grundsteuern am Steuerertrag [%],",BFS_NR,GEBIET_NAME,THEMA_NAME,SET_NAME,SUBSET_NAME,INDIKATOR_ID,INDIKATOR_NAME,INDIKATOR_JAHR,INDIKATOR_VALUE,EINHEIT_KURZ,EINHEIT_LANG,Unnamed: 11"
377,403@statistisches-amt-kanton-zuerich,Personalsteuerpflichtige [Anz.],",BFS_NR,GEBIET_NAME,THEMA_NAME,SET_NAME,SUBSET_NAME,INDIKATOR_ID,INDIKATOR_NAME,INDIKATOR_JAHR,INDIKATOR_VALUE,EINHEIT_KURZ,EINHEIT_LANG,Unnamed: 11"
378,409@statistisches-amt-kanton-zuerich,Reformierte Kirchensteuerpflichtige [Anz.],",BFS_NR,GEBIET_NAME,THEMA_NAME,SET_NAME,SUBSET_NAME,INDIKATOR_ID,INDIKATOR_NAME,INDIKATOR_JAHR,INDIKATOR_VALUE,EINHEIT_KURZ,EINHEIT_LANG,Unnamed: 11"
379,412@statistisches-amt-kanton-zuerich,Total Kirchensteuerpflichtige [Anz.],",BFS_NR,GEBIET_NAME,THEMA_NAME,SET_NAME,SUBSET_NAME,INDIKATOR_ID,INDIKATOR_NAME,INDIKATOR_JAHR,INDIKATOR_VALUE,EINHEIT_KURZ,EINHEIT_LANG,Unnamed: 11"
386,282@statistisches-amt-kanton-zuerich,Wahlbeteiligung Nationalrat [%],",BFS_NR,GEBIET_NAME,THEMA_NAME,SET_NAME,SUBSET_NAME,INDIKATOR_ID,INDIKATOR_NAME,INDIKATOR_JAHR,INDIKATOR_VALUE,EINHEIT_KURZ,EINHEIT_LANG,Unnamed: 11"
395,14@statistisches-amt-kanton-zuerich,Hotelbetten pro Hotel [Anz.],",BFS_NR,GEBIET_NAME,THEMA_NAME,SET_NAME,SUBSET_NAME,INDIKATOR_ID,INDIKATOR_NAME,INDIKATOR_JAHR,INDIKATOR_VALUE,EINHEIT_KURZ,EINHEIT_LANG,Unnamed: 11"
429,681@statistisches-amt-kanton-zuerich,Bestand Dieselmotor [%],",BFS_NR,GEBIET_NAME,THEMA_NAME,SET_NAME,SUBSET_NAME,INDIKATOR_ID,INDIKATOR_NAME,INDIKATOR_JAHR,INDIKATOR_VALUE,EINHEIT_KURZ,EINHEIT_LANG,Unnamed: 11"
436,699@gesundheitsdirektion-kanton-zuerich,COVID_19 Einreisequarantäne Kanton Zürich ab 06.07.2020,",Kalenderwoche,Einreiseland,Anzahl_Einreisende,woche_von,woche_bis"
437,698@statistisches-amt-kanton-zuerich,Anfragestatistik des Data Shop im Statistischen Amt des Kantons Zürich,",erfassung,nutzertyp,anfragetyp,thema,kanal,zeitaufwand,mitarbeiter"
438,169@statistisches-amt-kanton-zuerich,Nettoinvestitionen [Fr./Einw.],",BFS_NR,GEBIET_NAME,THEMA_NAME,SET_NAME,SUBSET_NAME,INDIKATOR_ID,INDIKATOR_NAME,INDIKATOR_JAHR,INDIKATOR_VALUE,EINHEIT_KURZ,EINHEIT_LANG,Unnamed: 11"
439,186@statistisches-amt-kanton-zuerich,Steuerkraft [Mio.Fr.],",BFS_NR,GEBIET_NAME,THEMA_NAME,SET_NAME,SUBSET_NAME,INDIKATOR_ID,INDIKATOR_NAME,INDIKATOR_JAHR,INDIKATOR_VALUE,EINHEIT_KURZ,EINHEIT_LANG,Unnamed: 11"
440,202@statistisches-amt-kanton-zuerich,Bevölkerungszunahme 1 Jahr [Pers.],",BFS_NR,GEBIET_NAME,THEMA_NAME,SET_NAME,SUBSET_NAME,INDIKATOR_ID,INDIKATOR_NAME,INDIKATOR_JAHR,INDIKATOR_VALUE,EINHEIT_KURZ,EINHEIT_LANG,Unnamed: 11"
441,27@statistisches-amt-kanton-zuerich,Gemeindebeitrag an ZVV [1000 Fr.],",BFS_NR,GEBIET_NAME,THEMA_NAME,SET_NAME,SUBSET_NAME,INDIKATOR_ID,INDIKATOR_NAME,INDIKATOR_JAHR,INDIKATOR_VALUE,EINHEIT_KURZ,EINHEIT_LANG,Unnamed: 11"
442,29@statistisches-amt-kanton-zuerich,Ø Eigenkapital steuerpfl. jur. Pers. [1000 Fr.],",BFS_NR,GEBIET_NAME,THEMA_NAME,SET_NAME,SUBSET_NAME,INDIKATOR_ID,INDIKATOR_NAME,INDIKATOR_JAHR,INDIKATOR_VALUE,EINHEIT_KURZ,EINHEIT_LANG,Unnamed: 11"
443,34@statistisches-amt-kanton-zuerich,Verkäufe MFH [Anz.],",BFS_NR,GEBIET_NAME,THEMA_NAME,SET_NAME,SUBSET_NAME,INDIKATOR_ID,INDIKATOR_NAME,INDIKATOR_JAHR,INDIKATOR_VALUE,EINHEIT_KURZ,EINHEIT_LANG,Unnamed: 11"
444,68@statistisches-amt-kanton-zuerich,Ausländeranteil [%],",BFS_NR,GEBIET_NAME,THEMA_NAME,SET_NAME,SUBSET_NAME,INDIKATOR_ID,INDIKATOR_NAME,INDIKATOR_JAHR,INDIKATOR_VALUE,EINHEIT_KURZ,EINHEIT_LANG,Unnamed: 11"
445,87@statistisches-amt-kanton-zuerich,Bevölkerung: Frauenanteil [%],",BFS_NR,GEBIET_NAME,THEMA_NAME,SET_NAME,SUBSET_NAME,INDIKATOR_ID,INDIKATOR_NAME,INDIKATOR_JAHR,INDIKATOR_VALUE,EINHEIT_KURZ,EINHEIT_LANG,Unnamed: 11"
446,366@statistisches-amt-kanton-zuerich,"ÖV-Wege Quell-, Ziel- und Binnenverkehr [Anz.]",",BFS_NR,GEBIET_NAME,THEMA_NAME,SET_NAME,SUBSET_NAME,INDIKATOR_ID,INDIKATOR_NAME,INDIKATOR_JAHR,INDIKATOR_VALUE,EINHEIT_KURZ,EINHEIT_LANG,Unnamed: 11"
447,79@statistisches-amt-kanton-zuerich,KRW Wähleranteil EVP [%],",BFS_NR,GEBIET_NAME,THEMA_NAME,SET_NAME,SUBSET_NAME,INDIKATOR_ID,INDIKATOR_NAME,INDIKATOR_JAHR,INDIKATOR_VALUE,EINHEIT_KURZ,EINHEIT_LANG,Unnamed: 11"
448,134@statistisches-amt-kanton-zuerich,Steuerkraft pro Kopf [Fr.],",BFS_NR,GEBIET_NAME,THEMA_NAME,SET_NAME,SUBSET_NAME,INDIKATOR_ID,INDIKATOR_NAME,INDIKATOR_JAHR,INDIKATOR_VALUE,EINHEIT_KURZ,EINHEIT_LANG,Unnamed: 11"
449,136@statistisches-amt-kanton-zuerich,Zahnärzte [Anz.],",BFS_NR,GEBIET_NAME,THEMA_NAME,SET_NAME,SUBSET_NAME,INDIKATOR_ID,INDIKATOR_NAME,INDIKATOR_JAHR,INDIKATOR_VALUE,EINHEIT_KURZ,EINHEIT_LANG,Unnamed: 11"
450,147@statistisches-amt-kanton-zuerich,Motorräder pro 1000 Einwohner [Anz.],",BFS_NR,GEBIET_NAME,THEMA_NAME,SET_NAME,SUBSET_NAME,INDIKATOR_ID,INDIKATOR_NAME,INDIKATOR_JAHR,INDIKATOR_VALUE,EINHEIT_KURZ,EINHEIT_LANG,Unnamed: 11"
451,341@statistisches-amt-kanton-zuerich,Beschäftigte im Sekundärsektor [Anz.],",BFS_NR,GEBIET_NAME,THEMA_NAME,SET_NAME,SUBSET_NAME,INDIKATOR_ID,INDIKATOR_NAME,INDIKATOR_JAHR,INDIKATOR_VALUE,EINHEIT_KURZ,EINHEIT_LANG,Unnamed: 11"
452,164@statistisches-amt-kanton-zuerich,Nettoaufwand Gesundheit [Fr./Einw.],",BFS_NR,GEBIET_NAME,THEMA_NAME,SET_NAME,SUBSET_NAME,INDIKATOR_ID,INDIKATOR_NAME,INDIKATOR_JAHR,INDIKATOR_VALUE,EINHEIT_KURZ,EINHEIT_LANG,Unnamed: 11"
453,19@statistisches-amt-kanton-zuerich,Beschäftigte im Gastgewerbe: Anteil [%],",BFS_NR,GEBIET_NAME,THEMA_NAME,SET_NAME,SUBSET_NAME,INDIKATOR_ID,INDIKATOR_NAME,INDIKATOR_JAHR,INDIKATOR_VALUE,EINHEIT_KURZ,EINHEIT_LANG,Unnamed: 11"
454,71@statistisches-amt-kanton-zuerich,Bauzonen nicht überbaut  [%],",BFS_NR,GEBIET_NAME,THEMA_NAME,SET_NAME,SUBSET_NAME,INDIKATOR_ID,INDIKATOR_NAME,INDIKATOR_JAHR,INDIKATOR_VALUE,EINHEIT_KURZ,EINHEIT_LANG,Unnamed: 11"
455,216@statistisches-amt-kanton-zuerich,Schül. Mittelschule [pro 1000 Einw.],",BFS_NR,GEBIET_NAME,THEMA_NAME,SET_NAME,SUBSET_NAME,INDIKATOR_ID,INDIKATOR_NAME,INDIKATOR_JAHR,INDIKATOR_VALUE,EINHEIT_KURZ,EINHEIT_LANG,Unnamed: 11"
456,338@statistisches-amt-kanton-zuerich,Mittlere Betriebe (50-249 VZÄ) [Anz.],",BFS_NR,GEBIET_NAME,THEMA_NAME,SET_NAME,SUBSET_NAME,INDIKATOR_ID,INDIKATOR_NAME,INDIKATOR_JAHR,INDIKATOR_VALUE,EINHEIT_KURZ,EINHEIT_LANG,Unnamed: 11"
457,83@statistisches-amt-kanton-zuerich,Anteil Verkehrsfläche [%],",BFS_NR,GEBIET_NAME,THEMA_NAME,SET_NAME,SUBSET_NAME,INDIKATOR_ID,INDIKATOR_NAME,INDIKATOR_JAHR,INDIKATOR_VALUE,EINHEIT_KURZ,EINHEIT_LANG,Unnamed: 11"
458,382@statistisches-amt-kanton-zuerich,Anteil Siedlungsfläche [%],",BFS_NR,GEBIET_NAME,THEMA_NAME,SET_NAME,SUBSET_NAME,INDIKATOR_ID,INDIKATOR_NAME,INDIKATOR_JAHR,INDIKATOR_VALUE,EINHEIT_KURZ,EINHEIT_LANG,Unnamed: 11"
459,304@statistisches-amt-kanton-zuerich,KRW Wähleranteil FDP [%],",BFS_NR,GEBIET_NAME,THEMA_NAME,SET_NAME,SUBSET_NAME,INDIKATOR_ID,INDIKATOR_NAME,INDIKATOR_JAHR,INDIKATOR_VALUE,EINHEIT_KURZ,EINHEIT_LANG,Unnamed: 11"
460,284@statistisches-amt-kanton-zuerich,Bevölkerung: Männeranteil [%],",BFS_NR,GEBIET_NAME,THEMA_NAME,SET_NAME,SUBSET_NAME,INDIKATOR_ID,INDIKATOR_NAME,INDIKATOR_JAHR,INDIKATOR_VALUE,EINHEIT_KURZ,EINHEIT_LANG,Unnamed: 11"
461,80@statistisches-amt-kanton-zuerich,KRW Wähleranteil SP [%],",BFS_NR,GEBIET_NAME,THEMA_NAME,SET_NAME,SUBSET_NAME,INDIKATOR_ID,INDIKATOR_NAME,INDIKATOR_JAHR,INDIKATOR_VALUE,EINHEIT_KURZ,EINHEIT_LANG,Unnamed: 11"
462,356@statistisches-amt-kanton-zuerich,Arbeitsstätten im Tertiärsektor [Anz.],",BFS_NR,GEBIET_NAME,THEMA_NAME,SET_NAME,SUBSET_NAME,INDIKATOR_ID,INDIKATOR_NAME,INDIKATOR_JAHR,INDIKATOR_VALUE,EINHEIT_KURZ,EINHEIT_LANG,Unnamed: 11"
463,300@statistisches-amt-kanton-zuerich,Steuerkraft (arith. Mittel 3 Jahre) [Mio.Fr.],",BFS_NR,GEBIET_NAME,THEMA_NAME,SET_NAME,SUBSET_NAME,INDIKATOR_ID,INDIKATOR_NAME,INDIKATOR_JAHR,INDIKATOR_VALUE,EINHEIT_KURZ,EINHEIT_LANG,Unnamed: 11"
464,301@statistisches-amt-kanton-zuerich,Steuerertrag von natürlichen Personen [Mio.Fr.],",BFS_NR,GEBIET_NAME,THEMA_NAME,SET_NAME,SUBSET_NAME,INDIKATOR_ID,INDIKATOR_NAME,INDIKATOR_JAHR,INDIKATOR_VALUE,EINHEIT_KURZ,EINHEIT_LANG,Unnamed: 11"
465,320@statistisches-amt-kanton-zuerich,Bevölkerung: übrige/andere/ohne Konfession [Pers.],",BFS_NR,GEBIET_NAME,THEMA_NAME,SET_NAME,SUBSET_NAME,INDIKATOR_ID,INDIKATOR_NAME,INDIKATOR_JAHR,INDIKATOR_VALUE,EINHEIT_KURZ,EINHEIT_LANG,Unnamed: 11"
466,177@statistisches-amt-kanton-zuerich,Bauzonen überbaut [ha],",BFS_NR,GEBIET_NAME,THEMA_NAME,SET_NAME,SUBSET_NAME,INDIKATOR_ID,INDIKATOR_NAME,INDIKATOR_JAHR,INDIKATOR_VALUE,EINHEIT_KURZ,EINHEIT_LANG,Unnamed: 11"
467,89@statistisches-amt-kanton-zuerich,Bevölkerungszunahme 5 Jahre [%],",BFS_NR,GEBIET_NAME,THEMA_NAME,SET_NAME,SUBSET_NAME,INDIKATOR_ID,INDIKATOR_NAME,INDIKATOR_JAHR,INDIKATOR_VALUE,EINHEIT_KURZ,EINHEIT_LANG,Unnamed: 11"
468,396@statistisches-amt-kanton-zuerich,Neu gegründete Unternehmen Total [Anz.],",BFS_NR,GEBIET_NAME,THEMA_NAME,SET_NAME,SUBSET_NAME,INDIKATOR_ID,INDIKATOR_NAME,INDIKATOR_JAHR,INDIKATOR_VALUE,EINHEIT_KURZ,EINHEIT_LANG,Unnamed: 11"
469,165@statistisches-amt-kanton-zuerich,Nettoaufwand Verkehr und Nachrichtenübermittlung [Fr./Einw.],",BFS_NR,GEBIET_NAME,THEMA_NAME,SET_NAME,SUBSET_NAME,INDIKATOR_ID,INDIKATOR_NAME,INDIKATOR_JAHR,INDIKATOR_VALUE,EINHEIT_KURZ,EINHEIT_LANG,Unnamed: 11"
470,402@statistisches-amt-kanton-zuerich,Panaschierstatistik zu den Zürcher Kantonsratswahlen,",JAHR,Jahr der Wahl"
471,408@statistisches-amt-kanton-zuerich,Nur an der Quelle besteuerte Quellensteuerpfl. [Anz.],",BFS_NR,GEBIET_NAME,THEMA_NAME,SET_NAME,SUBSET_NAME,INDIKATOR_ID,INDIKATOR_NAME,INDIKATOR_JAHR,INDIKATOR_VALUE,EINHEIT_KURZ,EINHEIT_LANG,Unnamed: 11"
477,30@statistisches-amt-kanton-zuerich,Ø steuerbares Vermögen natürliche Pers. [1000 Fr.],",BFS_NR,GEBIET_NAME,THEMA_NAME,SET_NAME,SUBSET_NAME,INDIKATOR_ID,INDIKATOR_NAME,INDIKATOR_JAHR,INDIKATOR_VALUE,EINHEIT_KURZ,EINHEIT_LANG,Unnamed: 11"
511,688@statistisches-amt-kanton-zuerich,Neuzulassungen  Elektromotor [%],",BFS_NR,GEBIET_NAME,THEMA_NAME,SET_NAME,SUBSET_NAME,INDIKATOR_ID,INDIKATOR_NAME,INDIKATOR_JAHR,INDIKATOR_VALUE,EINHEIT_KURZ,EINHEIT_LANG,Unnamed: 11"
513,673@fachstelle-ogd-kanton-zuerich,"COVID_19 open government data reported by Swiss Cantons and Principality of Liechtenstein from January 5, 2020",",date,time,abbreviation_canton_and_fl,ncumul_tested,ncumul_conf,new_hosp,current_hosp,current_icu,current_vent,ncumul_released,ncumul_deceased,source,current_isolated,current_quarantined,current_quarantined_riskareatravel"
515,678@statistisches-amt-kanton-zuerich,Motorrad-Neuzulassungen [Anz.],",BFS_NR,GEBIET_NAME,THEMA_NAME,SET_NAME,SUBSET_NAME,INDIKATOR_ID,INDIKATOR_NAME,INDIKATOR_JAHR,INDIKATOR_VALUE,EINHEIT_KURZ,EINHEIT_LANG,Unnamed: 11"
517,711@statistisches-amt-kanton-zuerich,Steuerfüsse der Zürcher Gemeinden für natürliche und juristische Personen,",LAST_REFRESH,YEAR,COMMUNITY,BFSNR,FLAG,STF_O_KIRCHE1,STF_O_KIRCHE2,STF_O_KIRCHE3,DIFF_O_KIRCHE,STF_REF1,STF_REF2,STF_REF3,DIFF_REF,STF_KATH1,STF_KATH2,STF_KATH3,DIFF_KATH,STF_CKRKATH1,STF_CKRKATH2,STF_CKRKATH3,DIFF_CHRKATH,JUR_PERS"
518,113@statistisches-amt-kanton-zuerich,Investitionsanteil [%],",BFS_NR,GEBIET_NAME,THEMA_NAME,SET_NAME,SUBSET_NAME,INDIKATOR_ID,INDIKATOR_NAME,INDIKATOR_JAHR,INDIKATOR_VALUE,EINHEIT_KURZ,EINHEIT_LANG,Unnamed: 11"
519,707@statistisches-amt-kanton-zuerich,COVID_19 Massnahmen im Kanton Zürich,",Datum,Raum,Kategorisierung,Beschreibung,Link"
522,191@statistisches-amt-kanton-zuerich,Steuerkraft berichtigt [Mio.Fr.],",BFS_NR,GEBIET_NAME,THEMA_NAME,SET_NAME,SUBSET_NAME,INDIKATOR_ID,INDIKATOR_NAME,INDIKATOR_JAHR,INDIKATOR_VALUE,EINHEIT_KURZ,EINHEIT_LANG,Unnamed: 11"
523,3@statistisches-amt-kanton-zuerich,Zinsbelastungsanteil [%],",BFS_NR,GEBIET_NAME,THEMA_NAME,SET_NAME,SUBSET_NAME,INDIKATOR_ID,INDIKATOR_NAME,INDIKATOR_JAHR,INDIKATOR_VALUE,EINHEIT_KURZ,EINHEIT_LANG,Unnamed: 11"
524,49@statistisches-amt-kanton-zuerich,Rinderviehbestand [Anz.],",BFS_NR,GEBIET_NAME,THEMA_NAME,SET_NAME,SUBSET_NAME,INDIKATOR_ID,INDIKATOR_NAME,INDIKATOR_JAHR,INDIKATOR_VALUE,EINHEIT_KURZ,EINHEIT_LANG,Unnamed: 11"
525,50@statistisches-amt-kanton-zuerich,Schweine [Anz.],",BFS_NR,GEBIET_NAME,THEMA_NAME,SET_NAME,SUBSET_NAME,INDIKATOR_ID,INDIKATOR_NAME,INDIKATOR_JAHR,INDIKATOR_VALUE,EINHEIT_KURZ,EINHEIT_LANG,Unnamed: 11"
526,332@statistisches-amt-kanton-zuerich,Baulandpreis Modell (Median) [Fr./m2],",BFS_NR,GEBIET_NAME,THEMA_NAME,SET_NAME,SUBSET_NAME,INDIKATOR_ID,INDIKATOR_NAME,INDIKATOR_JAHR,INDIKATOR_VALUE,EINHEIT_KURZ,EINHEIT_LANG,Unnamed: 11"
527,60@statistisches-amt-kanton-zuerich,4-Personenhaushalte [Anz.],",BFS_NR,GEBIET_NAME,THEMA_NAME,SET_NAME,SUBSET_NAME,INDIKATOR_ID,INDIKATOR_NAME,INDIKATOR_JAHR,INDIKATOR_VALUE,EINHEIT_KURZ,EINHEIT_LANG,Unnamed: 11"
528,67@statistisches-amt-kanton-zuerich,Bevölkerungszunahme 1 Jahr [%],",BFS_NR,GEBIET_NAME,THEMA_NAME,SET_NAME,SUBSET_NAME,INDIKATOR_ID,INDIKATOR_NAME,INDIKATOR_JAHR,INDIKATOR_VALUE,EINHEIT_KURZ,EINHEIT_LANG,Unnamed: 11"
529,95@statistisches-amt-kanton-zuerich,Geb.Vol. Industrie/Lager: Zunahme [%],",BFS_NR,GEBIET_NAME,THEMA_NAME,SET_NAME,SUBSET_NAME,INDIKATOR_ID,INDIKATOR_NAME,INDIKATOR_JAHR,INDIKATOR_VALUE,EINHEIT_KURZ,EINHEIT_LANG,Unnamed: 11"
530,97@statistisches-amt-kanton-zuerich,Geb.Vol. Infrastruktur: Zunahme [%],",BFS_NR,GEBIET_NAME,THEMA_NAME,SET_NAME,SUBSET_NAME,INDIKATOR_ID,INDIKATOR_NAME,INDIKATOR_JAHR,INDIKATOR_VALUE,EINHEIT_KURZ,EINHEIT_LANG,Unnamed: 11"
531,220@statistisches-amt-kanton-zuerich,Sterberate [pro 1000 Einw.],",BFS_NR,GEBIET_NAME,THEMA_NAME,SET_NAME,SUBSET_NAME,INDIKATOR_ID,INDIKATOR_NAME,INDIKATOR_JAHR,INDIKATOR_VALUE,EINHEIT_KURZ,EINHEIT_LANG,Unnamed: 11"
532,225@statistisches-amt-kanton-zuerich,Altpapiermengen [Tonnen],",BFS_NR,GEBIET_NAME,THEMA_NAME,SET_NAME,SUBSET_NAME,INDIKATOR_ID,INDIKATOR_NAME,INDIKATOR_JAHR,INDIKATOR_VALUE,EINHEIT_KURZ,EINHEIT_LANG,Unnamed: 11"
533,137@statistisches-amt-kanton-zuerich,Ø Reingewinn steuerpfl. jur. Pers. [Fr.],",BFS_NR,GEBIET_NAME,THEMA_NAME,SET_NAME,SUBSET_NAME,INDIKATOR_ID,INDIKATOR_NAME,INDIKATOR_JAHR,INDIKATOR_VALUE,EINHEIT_KURZ,EINHEIT_LANG,Unnamed: 11"
534,141@statistisches-amt-kanton-zuerich,Nettoaufwand allgemeine Verwaltung [Fr./Einw.],",BFS_NR,GEBIET_NAME,THEMA_NAME,SET_NAME,SUBSET_NAME,INDIKATOR_ID,INDIKATOR_NAME,INDIKATOR_JAHR,INDIKATOR_VALUE,EINHEIT_KURZ,EINHEIT_LANG,Unnamed: 11"
535,146@statistisches-amt-kanton-zuerich,Motorräder [Anz.],",BFS_NR,GEBIET_NAME,THEMA_NAME,SET_NAME,SUBSET_NAME,INDIKATOR_ID,INDIKATOR_NAME,INDIKATOR_JAHR,INDIKATOR_VALUE,EINHEIT_KURZ,EINHEIT_LANG,Unnamed: 11"
536,150@statistisches-amt-kanton-zuerich,Personenwagen pro 1000 Einwohner [Anz.],",BFS_NR,GEBIET_NAME,THEMA_NAME,SET_NAME,SUBSET_NAME,INDIKATOR_ID,INDIKATOR_NAME,INDIKATOR_JAHR,INDIKATOR_VALUE,EINHEIT_KURZ,EINHEIT_LANG,Unnamed: 11"
537,339@statistisches-amt-kanton-zuerich,Grosse Betriebe (250+ VZÄ) [Anz.],",BFS_NR,GEBIET_NAME,THEMA_NAME,SET_NAME,SUBSET_NAME,INDIKATOR_ID,INDIKATOR_NAME,INDIKATOR_JAHR,INDIKATOR_VALUE,EINHEIT_KURZ,EINHEIT_LANG,Unnamed: 11"
538,344@statistisches-amt-kanton-zuerich,VZÄ im Sekundärsektor [Anz.],",BFS_NR,GEBIET_NAME,THEMA_NAME,SET_NAME,SUBSET_NAME,INDIKATOR_ID,INDIKATOR_NAME,INDIKATOR_JAHR,INDIKATOR_VALUE,EINHEIT_KURZ,EINHEIT_LANG,Unnamed: 11"
539,174@statistisches-amt-kanton-zuerich,15-Jahresverbrauch [ha],",BFS_NR,GEBIET_NAME,THEMA_NAME,SET_NAME,SUBSET_NAME,INDIKATOR_ID,INDIKATOR_NAME,INDIKATOR_JAHR,INDIKATOR_VALUE,EINHEIT_KURZ,EINHEIT_LANG,Unnamed: 11"
540,155@statistisches-amt-kanton-zuerich,Bauinv. Ver-/Entsorg. 5 Jahre [Fr./Einw.],",BFS_NR,GEBIET_NAME,THEMA_NAME,SET_NAME,SUBSET_NAME,INDIKATOR_ID,INDIKATOR_NAME,INDIKATOR_JAHR,INDIKATOR_VALUE,EINHEIT_KURZ,EINHEIT_LANG,Unnamed: 11"
541,156@statistisches-amt-kanton-zuerich,Bauinv. Wohnen  [Fr./Einw.],",BFS_NR,GEBIET_NAME,THEMA_NAME,SET_NAME,SUBSET_NAME,INDIKATOR_ID,INDIKATOR_NAME,INDIKATOR_JAHR,INDIKATOR_VALUE,EINHEIT_KURZ,EINHEIT_LANG,Unnamed: 11"
542,229@statistisches-amt-kanton-zuerich,Neuerstellte EFH [Whg.],",BFS_NR,GEBIET_NAME,THEMA_NAME,SET_NAME,SUBSET_NAME,INDIKATOR_ID,INDIKATOR_NAME,INDIKATOR_JAHR,INDIKATOR_VALUE,EINHEIT_KURZ,EINHEIT_LANG,Unnamed: 11"
543,275@statistisches-amt-kanton-zuerich,Restaurants pro 1000 Einwohner [Anz.],",BFS_NR,GEBIET_NAME,THEMA_NAME,SET_NAME,SUBSET_NAME,INDIKATOR_ID,INDIKATOR_NAME,INDIKATOR_JAHR,INDIKATOR_VALUE,EINHEIT_KURZ,EINHEIT_LANG,Unnamed: 11"
544,336@statistisches-amt-kanton-zuerich,Mikrobetriebe (0-9 VZÄ) [Anz.],",BFS_NR,GEBIET_NAME,THEMA_NAME,SET_NAME,SUBSET_NAME,INDIKATOR_ID,INDIKATOR_NAME,INDIKATOR_JAHR,INDIKATOR_VALUE,EINHEIT_KURZ,EINHEIT_LANG,Unnamed: 11"
545,65@statistisches-amt-kanton-zuerich,Anteil Landwirtschaftsfläche [%],",BFS_NR,GEBIET_NAME,THEMA_NAME,SET_NAME,SUBSET_NAME,INDIKATOR_ID,INDIKATOR_NAME,INDIKATOR_JAHR,INDIKATOR_VALUE,EINHEIT_KURZ,EINHEIT_LANG,Unnamed: 11"
546,208@statistisches-amt-kanton-zuerich,Beschäftigte Landwirtschaft [Pers.],",BFS_NR,GEBIET_NAME,THEMA_NAME,SET_NAME,SUBSET_NAME,INDIKATOR_ID,INDIKATOR_NAME,INDIKATOR_JAHR,INDIKATOR_VALUE,EINHEIT_KURZ,EINHEIT_LANG,Unnamed: 11"
547,13@statistisches-amt-kanton-zuerich,NRW Wähleranteil GLP [%],",BFS_NR,GEBIET_NAME,THEMA_NAME,SET_NAME,SUBSET_NAME,INDIKATOR_ID,INDIKATOR_NAME,INDIKATOR_JAHR,INDIKATOR_VALUE,EINHEIT_KURZ,EINHEIT_LANG,Unnamed: 11"
548,138@statistisches-amt-kanton-zuerich,Ø steuerbares Einkommen natürliche Pers. [Fr.],",BFS_NR,GEBIET_NAME,THEMA_NAME,SET_NAME,SUBSET_NAME,INDIKATOR_ID,INDIKATOR_NAME,INDIKATOR_JAHR,INDIKATOR_VALUE,EINHEIT_KURZ,EINHEIT_LANG,Unnamed: 11"
549,9@statistisches-amt-kanton-zuerich,KRW Wähleranteil GLP [%],",BFS_NR,GEBIET_NAME,THEMA_NAME,SET_NAME,SUBSET_NAME,INDIKATOR_ID,INDIKATOR_NAME,INDIKATOR_JAHR,INDIKATOR_VALUE,EINHEIT_KURZ,EINHEIT_LANG,Unnamed: 11"
550,381@statistisches-amt-kanton-zuerich,NRW Wähleranteil SD [%],",BFS_NR,GEBIET_NAME,THEMA_NAME,SET_NAME,SUBSET_NAME,INDIKATOR_ID,INDIKATOR_NAME,INDIKATOR_JAHR,INDIKATOR_VALUE,EINHEIT_KURZ,EINHEIT_LANG,Unnamed: 11"
551,299@statistisches-amt-kanton-zuerich,Bevölkerung: Anteil 80 u.m.-Jährige [%],",BFS_NR,GEBIET_NAME,THEMA_NAME,SET_NAME,SUBSET_NAME,INDIKATOR_ID,INDIKATOR_NAME,INDIKATOR_JAHR,INDIKATOR_VALUE,EINHEIT_KURZ,EINHEIT_LANG,Unnamed: 11"
552,307@statistisches-amt-kanton-zuerich,Heiraten [Anz.],",BFS_NR,GEBIET_NAME,THEMA_NAME,SET_NAME,SUBSET_NAME,INDIKATOR_ID,INDIKATOR_NAME,INDIKATOR_JAHR,INDIKATOR_VALUE,EINHEIT_KURZ,EINHEIT_LANG,Unnamed: 11"
553,352@statistisches-amt-kanton-zuerich,Bezügerquote der bedarfsabh. Sozialleistungen [%],",BFS_NR,GEBIET_NAME,THEMA_NAME,SET_NAME,SUBSET_NAME,INDIKATOR_ID,INDIKATOR_NAME,INDIKATOR_JAHR,INDIKATOR_VALUE,EINHEIT_KURZ,EINHEIT_LANG,Unnamed: 11"
555,142@statistisches-amt-kanton-zuerich,Nettoaufwand öffentliche Ordnung und Sicherheit [Fr./Einw.],",BFS_NR,GEBIET_NAME,THEMA_NAME,SET_NAME,SUBSET_NAME,INDIKATOR_ID,INDIKATOR_NAME,INDIKATOR_JAHR,INDIKATOR_VALUE,EINHEIT_KURZ,EINHEIT_LANG,Unnamed: 11"
556,231@statistisches-amt-kanton-zuerich,EFH-Bestand [Whg.],",BFS_NR,GEBIET_NAME,THEMA_NAME,SET_NAME,SUBSET_NAME,INDIKATOR_ID,INDIKATOR_NAME,INDIKATOR_JAHR,INDIKATOR_VALUE,EINHEIT_KURZ,EINHEIT_LANG,Unnamed: 11"
557,312@statistisches-amt-kanton-zuerich,Anteil 5 Zi.-Wohnungen [%],",BFS_NR,GEBIET_NAME,THEMA_NAME,SET_NAME,SUBSET_NAME,INDIKATOR_ID,INDIKATOR_NAME,INDIKATOR_JAHR,INDIKATOR_VALUE,EINHEIT_KURZ,EINHEIT_LANG,Unnamed: 11"
558,390@statistisches-amt-kanton-zuerich,Anteil GK E [%],",BFS_NR,GEBIET_NAME,THEMA_NAME,SET_NAME,SUBSET_NAME,INDIKATOR_ID,INDIKATOR_NAME,INDIKATOR_JAHR,INDIKATOR_VALUE,EINHEIT_KURZ,EINHEIT_LANG,Unnamed: 11"
560,203@statistisches-amt-kanton-zuerich,Zuzüge [Pers.],",BFS_NR,GEBIET_NAME,THEMA_NAME,SET_NAME,SUBSET_NAME,INDIKATOR_ID,INDIKATOR_NAME,INDIKATOR_JAHR,INDIKATOR_VALUE,EINHEIT_KURZ,EINHEIT_LANG,Unnamed: 11"
562,159@statistisches-amt-kanton-zuerich,Bruttoinvestitionen [Fr./Einw.],",BFS_NR,GEBIET_NAME,THEMA_NAME,SET_NAME,SUBSET_NAME,INDIKATOR_ID,INDIKATOR_NAME,INDIKATOR_JAHR,INDIKATOR_VALUE,EINHEIT_KURZ,EINHEIT_LANG,Unnamed: 11"
563,107@statistisches-amt-kanton-zuerich,Geb.Vol. Wohnen: Anteil [%],",BFS_NR,GEBIET_NAME,THEMA_NAME,SET_NAME,SUBSET_NAME,INDIKATOR_ID,INDIKATOR_NAME,INDIKATOR_JAHR,INDIKATOR_VALUE,EINHEIT_KURZ,EINHEIT_LANG,Unnamed: 11"
564,246@statistisches-amt-kanton-zuerich,Steuerb. Einkommen natürl. Pers. Median [Fr.],",BFS_NR,GEBIET_NAME,THEMA_NAME,SET_NAME,SUBSET_NAME,INDIKATOR_ID,INDIKATOR_NAME,INDIKATOR_JAHR,INDIKATOR_VALUE,EINHEIT_KURZ,EINHEIT_LANG,Unnamed: 11"
565,405@statistisches-amt-kanton-zuerich,Ausserhalb des Kt. wohnhaft Besteuerte [Anz.],",BFS_NR,GEBIET_NAME,THEMA_NAME,SET_NAME,SUBSET_NAME,INDIKATOR_ID,INDIKATOR_NAME,INDIKATOR_JAHR,INDIKATOR_VALUE,EINHEIT_KURZ,EINHEIT_LANG,Unnamed: 11"
566,411@statistisches-amt-kanton-zuerich,Christkatholische Kirchensteuerpflichtige [Anz.],",BFS_NR,GEBIET_NAME,THEMA_NAME,SET_NAME,SUBSET_NAME,INDIKATOR_ID,INDIKATOR_NAME,INDIKATOR_JAHR,INDIKATOR_VALUE,EINHEIT_KURZ,EINHEIT_LANG,Unnamed: 11"
567,334@statistisches-amt-kanton-zuerich,ZL-Bezügerquote der Personen ab 65 Jahren [%],",BFS_NR,GEBIET_NAME,THEMA_NAME,SET_NAME,SUBSET_NAME,INDIKATOR_ID,INDIKATOR_NAME,INDIKATOR_JAHR,INDIKATOR_VALUE,EINHEIT_KURZ,EINHEIT_LANG,Unnamed: 11"
570,175@statistisches-amt-kanton-zuerich,Bauzonen [ha],",BFS_NR,GEBIET_NAME,THEMA_NAME,SET_NAME,SUBSET_NAME,INDIKATOR_ID,INDIKATOR_NAME,INDIKATOR_JAHR,INDIKATOR_VALUE,EINHEIT_KURZ,EINHEIT_LANG,Unnamed: 11"
571,96@statistisches-amt-kanton-zuerich,Geb.Vol. Infrastruktur: Anteil [%],",BFS_NR,GEBIET_NAME,THEMA_NAME,SET_NAME,SUBSET_NAME,INDIKATOR_ID,INDIKATOR_NAME,INDIKATOR_JAHR,INDIKATOR_VALUE,EINHEIT_KURZ,EINHEIT_LANG,Unnamed: 11"
611,683@statistisches-amt-kanton-zuerich,Bestand Elektromotor [%],",BFS_NR,GEBIET_NAME,THEMA_NAME,SET_NAME,SUBSET_NAME,INDIKATOR_ID,INDIKATOR_NAME,INDIKATOR_JAHR,INDIKATOR_VALUE,EINHEIT_KURZ,EINHEIT_LANG,Unnamed: 11"
613,182@statistisches-amt-kanton-zuerich,Weg zur nächsten Haltestelle [m],",BFS_NR,GEBIET_NAME,THEMA_NAME,SET_NAME,SUBSET_NAME,INDIKATOR_ID,INDIKATOR_NAME,INDIKATOR_JAHR,INDIKATOR_VALUE,EINHEIT_KURZ,EINHEIT_LANG,Unnamed: 11"
614,4@statistisches-amt-kanton-zuerich,Zuzüge [%],",BFS_NR,GEBIET_NAME,THEMA_NAME,SET_NAME,SUBSET_NAME,INDIKATOR_ID,INDIKATOR_NAME,INDIKATOR_JAHR,INDIKATOR_VALUE,EINHEIT_KURZ,EINHEIT_LANG,Unnamed: 11"
615,6@statistisches-amt-kanton-zuerich,Selbstfinanzierungsgrad [%],",BFS_NR,GEBIET_NAME,THEMA_NAME,SET_NAME,SUBSET_NAME,INDIKATOR_ID,INDIKATOR_NAME,INDIKATOR_JAHR,INDIKATOR_VALUE,EINHEIT_KURZ,EINHEIT_LANG,Unnamed: 11"
616,21@statistisches-amt-kanton-zuerich,Anteil Kirchgemeinden an allg. Gemeindesteuern [%],",BFS_NR,GEBIET_NAME,THEMA_NAME,SET_NAME,SUBSET_NAME,INDIKATOR_ID,INDIKATOR_NAME,INDIKATOR_JAHR,INDIKATOR_VALUE,EINHEIT_KURZ,EINHEIT_LANG,Unnamed: 11"
617,36@statistisches-amt-kanton-zuerich,Arbeitslose [Anz.],",BFS_NR,GEBIET_NAME,THEMA_NAME,SET_NAME,SUBSET_NAME,INDIKATOR_ID,INDIKATOR_NAME,INDIKATOR_JAHR,INDIKATOR_VALUE,EINHEIT_KURZ,EINHEIT_LANG,Unnamed: 11"
618,74@statistisches-amt-kanton-zuerich,Gebäudevolumen: Zunahme [%],",BFS_NR,GEBIET_NAME,THEMA_NAME,SET_NAME,SUBSET_NAME,INDIKATOR_ID,INDIKATOR_NAME,INDIKATOR_JAHR,INDIKATOR_VALUE,EINHEIT_KURZ,EINHEIT_LANG,Unnamed: 11"
619,364@statistisches-amt-kanton-zuerich,MIV-Anteil (Modal Split) [%],",BFS_NR,GEBIET_NAME,THEMA_NAME,SET_NAME,SUBSET_NAME,INDIKATOR_ID,INDIKATOR_NAME,INDIKATOR_JAHR,INDIKATOR_VALUE,EINHEIT_KURZ,EINHEIT_LANG,Unnamed: 11"
620,1@statistisches-amt-kanton-zuerich,Kapitaldienstanteil [%],",BFS_NR,GEBIET_NAME,THEMA_NAME,SET_NAME,SUBSET_NAME,INDIKATOR_ID,INDIKATOR_NAME,INDIKATOR_JAHR,INDIKATOR_VALUE,EINHEIT_KURZ,EINHEIT_LANG,Unnamed: 11"
621,211@statistisches-amt-kanton-zuerich,Schül. Sekundarstufe II [Pers. pro 1000 Einw.],",BFS_NR,GEBIET_NAME,THEMA_NAME,SET_NAME,SUBSET_NAME,INDIKATOR_ID,INDIKATOR_NAME,INDIKATOR_JAHR,INDIKATOR_VALUE,EINHEIT_KURZ,EINHEIT_LANG,Unnamed: 11"
622,230@statistisches-amt-kanton-zuerich,Neuerstellte MFH-Wohnungen [Whg.],",BFS_NR,GEBIET_NAME,THEMA_NAME,SET_NAME,SUBSET_NAME,INDIKATOR_ID,INDIKATOR_NAME,INDIKATOR_JAHR,INDIKATOR_VALUE,EINHEIT_KURZ,EINHEIT_LANG,Unnamed: 11"
623,294@statistisches-amt-kanton-zuerich,Steuerb. Vermögen natürl. Pers. 75%-Quantil [Fr.],",BFS_NR,GEBIET_NAME,THEMA_NAME,SET_NAME,SUBSET_NAME,INDIKATOR_ID,INDIKATOR_NAME,INDIKATOR_JAHR,INDIKATOR_VALUE,EINHEIT_KURZ,EINHEIT_LANG,Unnamed: 11"
624,292@statistisches-amt-kanton-zuerich,Steuerb. Vermögen natürl. Pers. Median [Fr.],",BFS_NR,GEBIET_NAME,THEMA_NAME,SET_NAME,SUBSET_NAME,INDIKATOR_ID,INDIKATOR_NAME,INDIKATOR_JAHR,INDIKATOR_VALUE,EINHEIT_KURZ,EINHEIT_LANG,Unnamed: 11"
625,245@statistisches-amt-kanton-zuerich,Steuerb. Einkommen natürl. Pers. 25%-Quantil [Fr.],",BFS_NR,GEBIET_NAME,THEMA_NAME,SET_NAME,SUBSET_NAME,INDIKATOR_ID,INDIKATOR_NAME,INDIKATOR_JAHR,INDIKATOR_VALUE,EINHEIT_KURZ,EINHEIT_LANG,Unnamed: 11"
626,179@statistisches-amt-kanton-zuerich,Fläche [ha],",BFS_NR,GEBIET_NAME,THEMA_NAME,SET_NAME,SUBSET_NAME,INDIKATOR_ID,INDIKATOR_NAME,INDIKATOR_JAHR,INDIKATOR_VALUE,EINHEIT_KURZ,EINHEIT_LANG,Unnamed: 11"
627,189@statistisches-amt-kanton-zuerich,Steuerbares Einkommen natürliche Pers. [Mio.Fr.],",BFS_NR,GEBIET_NAME,THEMA_NAME,SET_NAME,SUBSET_NAME,INDIKATOR_ID,INDIKATOR_NAME,INDIKATOR_JAHR,INDIKATOR_VALUE,EINHEIT_KURZ,EINHEIT_LANG,Unnamed: 11"
628,206@statistisches-amt-kanton-zuerich,Altersquotient [%],",BFS_NR,GEBIET_NAME,THEMA_NAME,SET_NAME,SUBSET_NAME,INDIKATOR_ID,INDIKATOR_NAME,INDIKATOR_JAHR,INDIKATOR_VALUE,EINHEIT_KURZ,EINHEIT_LANG,Unnamed: 11"
629,221@statistisches-amt-kanton-zuerich,Sterberate (5-J.-mittel) [pro 1000 Einw.],",BFS_NR,GEBIET_NAME,THEMA_NAME,SET_NAME,SUBSET_NAME,INDIKATOR_ID,INDIKATOR_NAME,INDIKATOR_JAHR,INDIKATOR_VALUE,EINHEIT_KURZ,EINHEIT_LANG,Unnamed: 11"
630,235@statistisches-amt-kanton-zuerich,Anteil 1 Zi.-Wohnungen [%],",BFS_NR,GEBIET_NAME,THEMA_NAME,SET_NAME,SUBSET_NAME,INDIKATOR_ID,INDIKATOR_NAME,INDIKATOR_JAHR,INDIKATOR_VALUE,EINHEIT_KURZ,EINHEIT_LANG,Unnamed: 11"
631,240@statistisches-amt-kanton-zuerich,Anteil 4 Zi.-Wohnungen [%],",BFS_NR,GEBIET_NAME,THEMA_NAME,SET_NAME,SUBSET_NAME,INDIKATOR_ID,INDIKATOR_NAME,INDIKATOR_JAHR,INDIKATOR_VALUE,EINHEIT_KURZ,EINHEIT_LANG,Unnamed: 11"
632,308@statistisches-amt-kanton-zuerich,Heiraten [pro 1000 Einw.],",BFS_NR,GEBIET_NAME,THEMA_NAME,SET_NAME,SUBSET_NAME,INDIKATOR_ID,INDIKATOR_NAME,INDIKATOR_JAHR,INDIKATOR_VALUE,EINHEIT_KURZ,EINHEIT_LANG,Unnamed: 11"
633,323@statistisches-amt-kanton-zuerich,3-Personenhaushalte [Anz.],",BFS_NR,GEBIET_NAME,THEMA_NAME,SET_NAME,SUBSET_NAME,INDIKATOR_ID,INDIKATOR_NAME,INDIKATOR_JAHR,INDIKATOR_VALUE,EINHEIT_KURZ,EINHEIT_LANG,Unnamed: 11"
634,393@statistisches-amt-kanton-zuerich,Unfälle [pro 1000 Einw.],",BFS_NR,GEBIET_NAME,THEMA_NAME,SET_NAME,SUBSET_NAME,INDIKATOR_ID,INDIKATOR_NAME,INDIKATOR_JAHR,INDIKATOR_VALUE,EINHEIT_KURZ,EINHEIT_LANG,Unnamed: 11"
635,385@statistisches-amt-kanton-zuerich,Leerwohnungen Total [Anz.],",BFS_NR,GEBIET_NAME,THEMA_NAME,SET_NAME,SUBSET_NAME,INDIKATOR_ID,INDIKATOR_NAME,INDIKATOR_JAHR,INDIKATOR_VALUE,EINHEIT_KURZ,EINHEIT_LANG,Unnamed: 11"
636,149@statistisches-amt-kanton-zuerich,Zahnärzte [pro 1000 Einw.],",BFS_NR,GEBIET_NAME,THEMA_NAME,SET_NAME,SUBSET_NAME,INDIKATOR_ID,INDIKATOR_NAME,INDIKATOR_JAHR,INDIKATOR_VALUE,EINHEIT_KURZ,EINHEIT_LANG,Unnamed: 11"
637,106@statistisches-amt-kanton-zuerich,Bevölkerung: Anteil 65-79-Jährige [%],",BFS_NR,GEBIET_NAME,THEMA_NAME,SET_NAME,SUBSET_NAME,INDIKATOR_ID,INDIKATOR_NAME,INDIKATOR_JAHR,INDIKATOR_VALUE,EINHEIT_KURZ,EINHEIT_LANG,Unnamed: 11"
638,59@statistisches-amt-kanton-zuerich,Restaurants [Anz.],",BFS_NR,GEBIET_NAME,THEMA_NAME,SET_NAME,SUBSET_NAME,INDIKATOR_ID,INDIKATOR_NAME,INDIKATOR_JAHR,INDIKATOR_VALUE,EINHEIT_KURZ,EINHEIT_LANG,Unnamed: 11"
639,422@statistisches-amt-kanton-zuerich,Wahlarchiv des Kantons Zürich,",Nachname,Vorname,Stimmen,BFS-Nr.,Gemeindenamen,Bisher,Gewählt,Wahlkreis-Nr.,Wahlkreis,Kandidaten-Nr."
640,406@statistisches-amt-kanton-zuerich,Ordentlich und an der Quelle Besteuerte [Anz.],",BFS_NR,GEBIET_NAME,THEMA_NAME,SET_NAME,SUBSET_NAME,INDIKATOR_ID,INDIKATOR_NAME,INDIKATOR_JAHR,INDIKATOR_VALUE,EINHEIT_KURZ,EINHEIT_LANG,Unnamed: 11"
641,407@statistisches-amt-kanton-zuerich,Total Quellensteuerpflichtige [Anz.],",BFS_NR,GEBIET_NAME,THEMA_NAME,SET_NAME,SUBSET_NAME,INDIKATOR_ID,INDIKATOR_NAME,INDIKATOR_JAHR,INDIKATOR_VALUE,EINHEIT_KURZ,EINHEIT_LANG,Unnamed: 11"
691,676@statistisches-amt-kanton-zuerich,PW-Neuzulassungen [Anz.],",BFS_NR,GEBIET_NAME,THEMA_NAME,SET_NAME,SUBSET_NAME,INDIKATOR_ID,INDIKATOR_NAME,INDIKATOR_JAHR,INDIKATOR_VALUE,EINHEIT_KURZ,EINHEIT_LANG,Unnamed: 11"
692,682@statistisches-amt-kanton-zuerich,Bestand Hybridantrieb [%],",BFS_NR,GEBIET_NAME,THEMA_NAME,SET_NAME,SUBSET_NAME,INDIKATOR_ID,INDIKATOR_NAME,INDIKATOR_JAHR,INDIKATOR_VALUE,EINHEIT_KURZ,EINHEIT_LANG,Unnamed: 11"
