"file_name","hash"
"src/template.R","bb375ecb53e4f6fbfa8e3c70a1145c21"
"temp/bfs_gp.xlsx","4d26f53478170411aebf0fe6b57df7c3"
"temp/bfs_2300X_1200X_1210X.px","38678b93e066243f3a5d7e76144ee0e2"
"temp/bfs_kantone.xlsx","4db06e661412ef2067983f2a738cadec"
"temp/01.1/20210701_GDEHist_GDE.txt","6040578e30808ebab13ea327887329aa"
"temp/01.1/20210701_GDEHist_GDE.txt_encoded","2569bf94a511327b1ea6db8d682324c6"
"temp/01.1/20210701_GDEHist_BEZ.txt","2a1d1cfc8ad1fd9c6555c5f066cfb24d"
"temp/01.1/20210701_GDEHist_BEZ.txt_encoded","c244edbe48b47102f5d4ae0e1551a3a9"
"temp/01.1/20210701_GDEHist_KT.txt","53f69b680c9d13190a68b9f78e176d84"
"temp/01.1/20210701_GDEHist_KT.txt_encoded","7f05a3e79e21436db7a622e1381e36a0"
